annotation_id,document,layer,text_quote,target,target_start,target_end,body_purpose,body_value,body_value 1,body_value 2,body_value 3,body_value 4,body_value 5,body_value 6,created,updated,created_by,updated_by,is_private,obj_id,parent_obj_id
bc2ca4f7-4b2a-483f-a464-5662151c48de,DataFile_NMS_May24_DescriptiveFieldsOnly_Sample_V1_20240904.txt,test,"T.2004.529,""Octant, ebony frame and limb, brass index arm, ivory plate and scale, scale divided by Edward Pritchard, in stepped oak box, signed and made by George Stebbing of Portsmouth, c. 1810"",,,,,,",start=10367;end=10568,10367,10568,tagging,Object|T.2004.529,Object,T.2004.529,,,,,2024-10-09T10:31:02.501Z|2024-10-09T10:31:08.256Z,2024-10-09T10:31:01.844Z|2024-10-09T10:31:07.971Z,Sarah Middle,Sarah Middle,FALSE,ba220dbd-3719-4163-a2c5-8fec01aacbe5,
875d0a01-9f2b-4e1e-b841-8405c1a462a0,DataFile_NMS_May24_DescriptiveFieldsOnly_Sample_V1_20240904.txt,test,"T.2004.557,""Islamic quadrant in lacquered wood, with sinecal and horary scales for latitude 40, Turkish origin, and in a box marked 'Indischer Quadrant', 19th century"",,,,""Quadrants.  //  Three quadrants for use with plummets for taking altitude observations.  All are also laid with out with scales that allow observations of the altitude of the Sun (or of particular stars) to be used to determine the time on a known date. One is English, unsigned, early 17th century (1) T.1926.7; another Turkish, 19th century, for the latitude 40° (2) T.1986.L.2.46; and the third is also English, early 19th century and was probably made for educational use (3) T.1891.318.; QUADRANT (BACK) MADE IN TURKEY  Ref: T.1986.L.2.46  INTRODUCTION - A quadrant is a quarter of a circumference of a circle. This wooden example was used with a plumb line and bead for taking altitude observations. It was made in Turkey in the 19th century. The photograph shows the back of the instrument.  DESCRIPTION - The quadrant is laid out with scales that allow observations of the altitude of the sun (or of particular stars) to be used to determine the time on a known date. It is laid out for the latitude of 40 degrees.  BACKGROUND - This form of quadrant survived much longer in Islam than in the West. From at least the 17th century onwards in the Ottoman empire it was produced in lacquered wood, in considerable quantities and survived in use into the early 20th century.  DETAILS - Date: 19th century Material: Wood  REFERENCES - A description of the quadrant and development of Islamic instruments given by Turner, A.J., The Time Museum: Volume 1 Time Measuring Instruments Part 1, Astrolabes, Astrolabe Related Instruments. Rockford, Illinois: 1985. pp 202-10, and an example, pp 212-4; See also, for background, Nasr, S.H., Islamic Science: an Illustrated Study. London: 1976, especially Chapter 6, and plates 81 & 82; QUADRANT (FRONT) MADE IN TURKEY  Ref: T.1986.L.2.46  INTRODUCTION - A quadrant is a quarter of a circumference of a circle. This wooden example was used with a plumb-bob for taking altitude observations. It was made in Turkey in the 19th century. The photograph shows the front of the instrument.  DESCRIPTION - The quadrant is laid out with scales that allow observations of the altitude of the sun (or of particular stars) to be used to determine the time on a known date. It is marked for the latitude of 40 degrees.  BACKGROUND - This form of quadrant survived much longer in Islam than in the West. From at least the 17th century onwards in the Ottoman empire it was produced in lacquered wood, in considerable quantities and survived in use into the early 20th century.  DETAILS - Date: 19th century  Material: Wood"",""Wood, lacquered"",",start=10570;end=13313,10570,13313,tagging,Object|T.2004.557,Object,T.2004.557,,,,,2024-10-09T10:47:40.468Z|2024-10-09T10:47:47.374Z,2024-10-09T10:47:40.237Z|2024-10-09T10:47:46.979Z,Sarah Middle,Sarah Middle,FALSE,e36ba917-d464-4de8-a0f9-48ba2e230964,
02d597d8-d4b7-4a93-99be-85cb78bd4f2a,DataFile_NMS_May24_DescriptiveFieldsOnly_Sample_V1_20240904.txt,test,"T.1927.46,""Copper-bronze electrotype of a 16th century mariner's astrolabe, by Messrs Elkington and Co. Ltd, London, c. 1925"",,; ,""Using the Stars US1: Mariner's astrolalabe, a simple intuitive method of measuring the angle obove the horizon.; "",""Mariner's astrolabe (replica).  //  This replica is of an unfinished instrument, understood to have come from a Spanish Armada wreck of 1588.  The mariner's astrolabe was used to measure the Sun's altitude at midday to obtain the observer's latitude.  //  T.1927.46; MARINER'S ASTROLABE (ELECTROTYPE) ASSOCIATED WITH SPANISH ARMADA Ref: T.1927.46  INTRODUCTION - A mariner's astrolabe was used to measure the sun's altitude at midday to obtain the observer's latitude. This electrotype, dating from around 1925, is of an unfinished instrument understood to have come from a Spanish Armada wreck of 1588.  DESCRIPTION - The astrolabe's limb is graduated but the degrees have not been numbered. The circle scratched on the surface near the bottom appears to indicate a cavity to be turned out, perhaps to contain a small compass. BACKGROUND - The original astrolabe was found in 1845 on the island of Valencia in Ireland, within view of the place where three Spanish Armada vessels were wrecked in 1588. It is now in the National Maritime Museum at Greenwich in London.  DETAILS - Date: Original: 16th century;Electrotype: Around 1925  Material: Original: Brass/bronze;Electrotype: Copper-bronze  Dimensions: 18.0 cm x 24.0 cm x 75 mm  REFERENCES - For the original, see Anderson, R.G.W., The Mariner's Astrolabe: An Exhibition at the Royal Scottish Museum. Edinburgh: HMSO, 1972, pp 22-3; REPRODUCTION OF/ MARINER'S ASTROLABE/
This astrolabe is an astronomical instument said to have been invented by/ Hipparchus, 1st cent. B.C. Its applicatoin to purposes of navigatoin was in-/ vented by Martin Behaim of Nuremberg in 1480 and it continued in use till/ 1731, when Hadley introduced his quadrant. A simple form, called the mariner's/ astrolabe, was used by mariners of the 16th, 17th and 18th centuries to determine/ latitude by observations of the altitude of the sun or of a star./
The original of the exapmle shown was found in 1845 in the island of Valencia,/ Co. Kerry, Ireland. The spot is within view of the place where three vessels of the Spanish Armada were wrecked, and it is suggested that the instrument may/ have belonged to one of them. It consists of a heavy suspensory circle, the/ upper half being divided into degrees, with an alidade, having hole-sights, which/ can be rotated about its axis. The original instrument is a little over five/ pounds in weight. The divisions are not figured, suggesting that it was in an/ unfinished state. The small circles on the lower part may have been intended/ to enclose the maker's name, or to hold a compass.
1927. 46."",Copper-bronze,",start=147;end=2990,147,2990,tagging,Object|T.1947.46,Object,T.1947.46,,,,,2024-09-05T11:47:07.823Z|2024-09-05T11:47:16.835Z,2024-09-05T11:47:07.649Z|2024-09-05T11:47:16.601Z,Sarah Middle,Sarah Middle,FALSE,a7c25a0f-1bca-4071-a552-db4f7a75c89e,
68065177-51b1-4e74-be0b-901d9f16b278,DataFile_NMS_May24_DescriptiveFieldsOnly_Sample_V1_20240904.txt,test,"T.1929.140,""Reproduction of an 18th century cross-staff in Sjofartsmuseum, Bergen, with a cross bar made of pearwood and scales engraved on an ebony centre bar, 1929"",,,""Using the Stars US1: A simple navigation tool, the wooden cross pieces were slid along the centre stick to subtend the angle of interest"",""Mariner's cross-staff (replica).  //  This replica shows a complete instrument, now in the Maritime Museum, Bergen, Norway. Used for taking altitude measurements with the Sun or a known star, the cross-staff retained its popularity in Scandinavia and the Netherlands, when others had turned to the back-staff.  T.1929.140; CROSS-STAFF (REPLICA)  Ref: T.1929.140  INTRODUCTION - A cross-staff was used for taking altitude measurements with the sun or a known star. This is a replica of a Dutch cross-staff made in 1745 and now in the Maritime Museum in Bergen in Norway. The replica dates from 1929.  DESCRIPTION - The instrument has a cross bar made of pear wood and an ebony centre bar with engraved scales.  BACKGROUND - In Scandinavia and the Netherlands, the cross-staff retained its popularity when others had turned to the backstaff.  DETAILS - Date: Original: 1745;(Replica: 1929) Material: Wood (pear wood), ebony  Dimensions: 74.5 cm x 51.0 cm x 60 mm  REFERENCES - Horsburgh, Ellice M., 'The cross-staff and its use in navigation'. The Scottish Geographical Magazine. Vol 46, March 1930, pp 92-100; Morzer Bruyns, W. F. J., The Cross-staff: History and Development of a Navigational Instrument. Amsterdam: 1994, p 71 item 54, where the original and replica are discussed."",""Ebony centre bar, pearwood cross bar"",",start=2992;end=4623,2992,4623,tagging,Object|T.1929.140,Object,T.1929.140,,,,,2024-09-11T13:11:59.038Z|2024-09-11T13:12:04.384Z,2024-09-11T13:11:58.162Z|2024-09-11T13:12:04.031Z,Sarah Middle,Sarah Middle,FALSE,8c03ab36-110f-4200-a2cd-3e5da5020736,
332c31f4-f51d-441f-aac1-fbfc6fbca3fd,DataFile_NMS_May24_DescriptiveFieldsOnly_Sample_V1_20240904.txt,test,"T.1981.59,""Sextant signed 'John Bruce Liverpool', c. 1880, with label in its box stating that it was used by Jock Fitchie, mate when the Scotia went to South Polar regions on the Scottish National Antarctic Expedition, 1902 - 1904."",Ship,,""Using the Stars US1: This sextant has a label in its box which states that it was used by Jock Fitchie, mate when the Scotia went to South Polar regions on the Scottish National Antarctic Expedition 1902-1904.; "",""Sextant: John Bruce, Liverpool, late 19th century.  //  This sextant has a label in its box which states that it was used Jock Fitchie, mate when the Scotia went to South Polar regions on the Scottish National Antarctic Expedition 1902‑1904.  //  T.1981.59"",""Brass, glass optics, silver scale, wooden handle / wooden box"",",start=4625;end=5401,4625,5401,tagging,Object|T.1981.59,Object,T.1981.59,,,,,2024-09-11T13:37:51.205Z|2024-09-11T13:37:59.896Z,2024-09-11T13:37:50.803Z|2024-09-11T13:37:59.577Z,Sarah Middle,Sarah Middle,FALSE,ce6b1756-b850-44a8-9d91-471b2305dec3,
c872ae44-6fdd-456e-8fa7-3981f7ad32ee,DataFile_NMS_May24_DescriptiveFieldsOnly_Sample_V1_20240904.txt,test,"T.1985.29,""Surveyor's wooden compass by Samuel Thaxter, Boston, c. 1800"",,,,""Surveyor's Compasses.  //  The bearings taken in surveys are usually related to visible landmarks, but for many purposes a compass bearing is adequate.  Compasses have been incorporated into various surveying instruments from an early date.  In the American colonies surveyors found their work difficult, as there were no ready landmarks through the dense forests. Prominent compasses are therefore a feature of American instruments.  Like many others,   this 1769 example (1) T.1985.29 by Samuel Thaxter of Boston, is made in wood because of the comparative expense of imported brass.  Surveying compasses were also in use in Britain.  One example here, dated 1761 and possibly part of a larger piece of apparatus, was made by Thomas Short, the brother of the famous telescope maker James Short (2) T.1963.44 . He was a mathematical and optical instrument‑maker in Leith and Edinburgh.  The other has the signature of Benjamin Cole the younger, of London, and dates from about 1750 (3) T.1967.113; SURVEYORS' COMPASS MADE IN BOSTON, AMERICA  Ref: T.1985.29 INTRODUCTION - This surveyors' compass was made around 1800, probably by Samuel Thaxter (1769-1842) of Boston in America. He was in business from around 1792 and was joined by his son Joseph H.Thaxter (1801-35) in 1822.  DESCRIPTION - The compass is made of wood because of the comparative expense of imported brass to the American colonies from Europe. The compass rose is printed 'THAXTER/ MAKER/ head of the Long Wharf/ State Street/ BOSTON', and the protective wooden cover is scratched  BACKGROUND - In the American colonies, surveyors found their work difficult as there were no ready landmarks through the dense forests. Prominent compasses are therefore a feature of American surveying instruments.  DETAILS - Date: 1800  Material: Wood, glass, steel Dimensions: 32.0 x 16.0 x 14.0 cm  REFERENCES - For Thaxter, see Smart, Charles E., The makers of surveying instruments in America since 1700. Troy, N.Y.: Regal Art Press, 1962, pp 160, 253; For surveying in America, see Bennett, J.A., The Divided Circle: A history of instruments for astronomy, navigation and surveying. Oxford: 1987, p 149and Bedini, Silvio, Thinkers and Tinkers: Early American Men of Science. New York: 1975, pp 184-204"",""Wood, steel, glass"",",start=5403;end=7760,5403,7760,tagging,Object|T.1985.29,Object,T.1985.29,,,,,2024-09-16T09:20:55.898Z|2024-09-16T09:21:09.736Z,2024-09-16T09:20:55.547Z|2024-09-16T09:21:09.368Z,Sarah Middle,Sarah Middle,FALSE,8008132e-1d8a-456f-b60b-bd5b054b506c,
aebc1cff-d8ae-45ad-b63c-401564c745f1,DataFile_NMS_May24_DescriptiveFieldsOnly_Sample_V1_20240904.txt,test,"T.1987.195,""Manuscript volume of Navigational Exercises by Thomas Finlay of Pittenweem, begun in 1819 and including copy logs of various voyages"",,,,,,",start=7762;end=7913,7762,7913,tagging,Object|T.1987.195,Object,T.1987.195,,,,,2024-09-18T14:34:57.954Z|2024-09-18T14:35:04.266Z,2024-09-18T14:34:57.758Z|2024-09-18T14:35:04.073Z,Sarah Middle,Sarah Middle,FALSE,a47afc78-c01e-4b80-a8a6-af7e6043e215,
f1183441-727b-4de8-8bf7-392e970c6b8b,DataFile_NMS_May24_DescriptiveFieldsOnly_Sample_V1_20240904.txt,test,"T.1861.716.132,""Mariner's magnetic compass of wood, needle wanting, taken at Zhoushan Island, China in 1840, during First Opium War"",,,,""Chinese compasses.  //  The Chinese knew about the properties of magnets long before they were discovered in the West.  However, their directional compasses always pointed south.  //  T.1861.716.132; COMPASS MADE IN CHINA  Ref: T.1861.716.132  INTRODUCTION - This simple Chinese magnetic compass dates from around 1850. DESCRIPTION - This small Chinese compass is made from wood, with an artificially-induced magnetic needle. This is protected by glass, and points to one of the 24 Chinese compass points surrounding the bearing pan.  BACKGROUND - The Chinese knew about the properties of magnets long before they were discovered in the West. Their directional compasses, however, always pointed south. DETAILS - Date: Around 1850  Material: Wood, brass, iron needle, brass bezel  REFERENCES - Joseph Needham, Science and Civilisation in China vol. IV part 1, Cambridge, 1962, pp 249-269;279-299.; China: 7000 Years of Discovery, China's Ancient Technology, San Francisco, 1983, pp 21-22."",""Wood, glass, iron needle, brass bezel; needle wanting"",",start=7915;end=9098,7915,9098,tagging,Object|T.1861.716.132,Object,T.1861.716.132,,,,,2024-10-02T15:50:29.305Z|2024-10-02T15:50:41.731Z,2024-10-02T15:50:28.609Z|2024-10-02T15:50:41.340Z,Sarah Middle,Sarah Middle,FALSE,c05ca9dd-4fd2-413a-82cf-a90b80c6ba89,
25029dce-1fa9-4c10-a6ee-2dcc08403bd6,DataFile_NMS_May24_DescriptiveFieldsOnly_Sample_V1_20240904.txt,test,"T.1953.X.1,""Deep sea sounding machine of steel and brass, by J. Le Blanc of Paris"",,,,""Sounding devices (for taking depth measurements and samples).  //  On H.M.S. Hydra in 1868, surveying along the proposed Red Sea cable route, the ship's blacksmith  constructed a spring to throw off the sounder weight at the sea bed.  The Hydra sounder (3 and 5) T.1977.110 and T.1977.111 was an improvement on previous designs because the weights (now missing) drove the sampler deep into the sediment before they were thrown off. Twelve of the new Baillie sounders, similar to this example (2) T.1977.112, were sent out to H.M.S Challenger in 1873, and used with sinker weights (1) T.1977.113. They proved capable of sounding on every occasion, although with 3 cwt of sinkers it could take well over an hour for the Baillie sounder (4 and 6) to reach the bottom in 4000 fathoms. The Buchanan sounding tube (7) T.1921.66 was devised by J.Y. Buchanan after Challenger's return, and combined a central sampler tube with a jacket which captured a water sampler as the tube was lifted from the sea bed. The deep sea sounder (8) T.1953.X.1 was made by J.Le Blanc of Paris, the supplier of specialised oceanographic equipment to Prince Albert of Monaco (1848-1922)."",Steel and brass,",start=9100;end=10365,9100,10365,tagging,Object|T.1953.X.1,Object,T.1953.X.1,,,,,2024-10-07T08:51:22.616Z|2024-10-07T08:51:33.442Z,2024-10-07T08:51:22.070Z|2024-10-07T08:51:32.918Z,Sarah Middle,Sarah Middle,FALSE,e30e9113-3816-4761-a14a-48d0c246e4f0,
6f8f4201-edb5-4acd-bb01-da87c3978d2b,DataFile_NMS_May24_DescriptiveFieldsOnly_Sample_V1_20240904.txt,test,Octant,start=10379;end=10385,10379,10385,tagging,Object Type|has type|octant,Object Type,has type,octant,,,,2024-10-09T10:34:17.550Z|2024-10-09T10:34:20.901Z|2024-10-09T10:34:24.598Z,2024-10-09T10:34:17.065Z|2024-10-09T10:34:20.653Z|2024-10-09T10:34:24.015Z,Sarah Middle,Sarah Middle,FALSE,,ba220dbd-3719-4163-a2c5-8fec01aacbe5
1fde745f-6c65-4763-9175-725a52fd5720,DataFile_NMS_May24_DescriptiveFieldsOnly_Sample_V1_20240904.txt,test,ebony,start=10387;end=10392,10387,10392,tagging,Material|consists of|ebony,Material,consists of,ebony,,,,2024-10-09T10:34:53.846Z|2024-10-09T10:34:56.598Z|2024-10-09T10:35:00.358Z,2024-10-09T10:34:53.333Z|2024-10-09T10:34:56.351Z|2024-10-09T10:35:00.066Z,Sarah Middle,Sarah Middle,FALSE,,ba220dbd-3719-4163-a2c5-8fec01aacbe5
400de6d8-eca8-4c51-a3c4-ae211869e5d3,DataFile_NMS_May24_DescriptiveFieldsOnly_Sample_V1_20240904.txt,test,ebony frame,start=10387;end=10398,10387,10398,tagging,Part|has part,Part,has part,,,,,2024-10-09T10:34:41.373Z|2024-10-09T10:34:46.025Z,2024-10-09T10:34:41.056Z|2024-10-09T10:34:45.732Z,Sarah Middle,Sarah Middle,FALSE,,ba220dbd-3719-4163-a2c5-8fec01aacbe5
b3de1975-6917-421a-b846-532f9bce029b,DataFile_NMS_May24_DescriptiveFieldsOnly_Sample_V1_20240904.txt,test,ebony frame and limb,start=10387;end=10407,10387,10407,tagging,Part|has part,Part,has part,,,,,2024-10-09T10:35:37.728Z|2024-10-09T10:35:41.697Z,2024-10-09T10:35:37.417Z|2024-10-09T10:35:41.486Z,Sarah Middle,Sarah Middle,FALSE,,ba220dbd-3719-4163-a2c5-8fec01aacbe5
fce1669a-f1ce-4901-ba9e-93a05fde93a9,DataFile_NMS_May24_DescriptiveFieldsOnly_Sample_V1_20240904.txt,test,frame,start=10393;end=10398,10393,10398,tagging,Object Type|has type|frame,Object Type,has type,frame,,,,2024-10-09T10:35:11.891Z|2024-10-09T10:35:15.588Z|2024-10-09T10:35:21.764Z,2024-10-09T10:35:11.495Z|2024-10-09T10:35:15.331Z|2024-10-09T10:35:21.266Z,Sarah Middle,Sarah Middle,FALSE,,ba220dbd-3719-4163-a2c5-8fec01aacbe5
9703f157-2dea-4b61-8d28-0de1ef36009a,DataFile_NMS_May24_DescriptiveFieldsOnly_Sample_V1_20240904.txt,test,limb,start=10403;end=10407,10403,10407,tagging,Object Type|has type|limb,Object Type,has type,limb,,,,2024-10-09T10:35:53.753Z|2024-10-09T10:35:56.694Z|2024-10-09T10:36:01.957Z,2024-10-09T10:35:53.276Z|2024-10-09T10:35:56.460Z|2024-10-09T10:36:01.673Z,Sarah Middle,Sarah Middle,FALSE,,ba220dbd-3719-4163-a2c5-8fec01aacbe5
65945bd4-7410-43e9-baf3-5c755f600751,DataFile_NMS_May24_DescriptiveFieldsOnly_Sample_V1_20240904.txt,test,brass,start=10409;end=10414,10409,10414,tagging,Material|consists of|brass,Material,consists of,brass,,,,2024-10-09T10:36:51.193Z|2024-10-09T10:36:54.249Z|2024-10-09T10:36:58.452Z,2024-10-09T10:36:50.768Z|2024-10-09T10:36:53.936Z|2024-10-09T10:36:58.130Z,Sarah Middle,Sarah Middle,FALSE,,ba220dbd-3719-4163-a2c5-8fec01aacbe5
774b43ba-6235-4c9f-9157-d4407a0f2199,DataFile_NMS_May24_DescriptiveFieldsOnly_Sample_V1_20240904.txt,test,brass index arm,start=10409;end=10424,10409,10424,tagging,Part|has part,Part,has part,,,,,2024-10-09T10:36:35.132Z|2024-10-09T10:36:38.830Z,2024-10-09T10:36:34.816Z|2024-10-09T10:36:38.490Z,Sarah Middle,Sarah Middle,FALSE,,ba220dbd-3719-4163-a2c5-8fec01aacbe5
9eb449ee-2a07-4730-87e7-68001bd75204,DataFile_NMS_May24_DescriptiveFieldsOnly_Sample_V1_20240904.txt,test,index arm,start=10415;end=10424,10415,10424,tagging,Object Type|has type|index arm,Object Type,has type,index arm,,,,2024-10-09T10:37:06.668Z|2024-10-09T10:37:09.995Z|2024-10-09T10:37:13.842Z,2024-10-09T10:37:06.424Z|2024-10-09T10:37:09.515Z|2024-10-09T10:37:13.474Z,Sarah Middle,Sarah Middle,FALSE,,ba220dbd-3719-4163-a2c5-8fec01aacbe5
8e52afd0-a393-4f2f-ae30-d78008326560,DataFile_NMS_May24_DescriptiveFieldsOnly_Sample_V1_20240904.txt,test,ivory,start=10426;end=10431,10426,10431,tagging,Material|consists of|ivory,Material,consists of,ivory,,,,2024-10-09T10:37:46.012Z|2024-10-09T10:37:49.104Z|2024-10-09T10:37:51.580Z,2024-10-09T10:37:45.518Z|2024-10-09T10:37:48.830Z|2024-10-09T10:37:51.314Z,Sarah Middle,Sarah Middle,FALSE,,ba220dbd-3719-4163-a2c5-8fec01aacbe5
b88ea432-38b0-4a53-82a4-9f09766921ae,DataFile_NMS_May24_DescriptiveFieldsOnly_Sample_V1_20240904.txt,test,ivory plate and scale,start=10426;end=10447,10426,10447,tagging,Part|has part,Part,has part,,,,,2024-10-09T10:37:33.090Z|2024-10-09T10:37:36.731Z,2024-10-09T10:37:32.599Z|2024-10-09T10:37:36.499Z,Sarah Middle,Sarah Middle,FALSE,,ba220dbd-3719-4163-a2c5-8fec01aacbe5
5a046c94-d269-4e00-b6e8-1ecf69e4f610,DataFile_NMS_May24_DescriptiveFieldsOnly_Sample_V1_20240904.txt,test,plate,start=10432;end=10437,10432,10437,tagging,"Object Type|has type|plate, octant",Object Type,has type,"plate, octant",,,,2024-10-09T10:38:01.516Z|2024-10-09T10:38:04.727Z|2024-10-09T10:38:10.248Z,2024-10-09T10:38:00.977Z|2024-10-09T10:38:04.435Z|2024-10-09T10:38:09.877Z,Sarah Middle,Sarah Middle,FALSE,,ba220dbd-3719-4163-a2c5-8fec01aacbe5
602058ce-07e7-43df-b6d1-50fd87c144f9,DataFile_NMS_May24_DescriptiveFieldsOnly_Sample_V1_20240904.txt,test,scale,start=10449;end=10454,10449,10454,tagging,Object Type|has type|scale,Object Type,has type,scale,,,,2024-10-09T10:38:44.583Z|2024-10-09T10:38:49.774Z|2024-10-09T10:38:53.263Z,2024-10-09T10:38:44.265Z|2024-10-09T10:38:49.470Z|2024-10-09T10:38:52.999Z,Sarah Middle,Sarah Middle,FALSE,,ba220dbd-3719-4163-a2c5-8fec01aacbe5
dd5944ec-e8ff-4287-a64c-c91fae2b4348,DataFile_NMS_May24_DescriptiveFieldsOnly_Sample_V1_20240904.txt,test,scale divided by Edward Pritchard,start=10449;end=10482,10449,10482,tagging,Part|has part,Part,has part,,,,,2024-10-09T10:38:28.090Z|2024-10-09T10:38:32.522Z,2024-10-09T10:38:27.721Z|2024-10-09T10:38:32.215Z,Sarah Middle,Sarah Middle,FALSE,,ba220dbd-3719-4163-a2c5-8fec01aacbe5
d6a8ab9e-8e9f-475d-a8b1-2b341ae7c324,DataFile_NMS_May24_DescriptiveFieldsOnly_Sample_V1_20240904.txt,test,divided by Edward Pritchard,start=10455;end=10482,10455,10482,tagging,Creation|created in,Creation,created in,,,,,2024-10-09T10:40:08.010Z|2024-10-09T10:40:10.055Z,2024-10-09T10:40:07.552Z|2024-10-09T10:40:09.838Z,Sarah Middle,Sarah Middle,FALSE,,ba220dbd-3719-4163-a2c5-8fec01aacbe5
ac0876b8-98bd-4690-b756-f60736741688,DataFile_NMS_May24_DescriptiveFieldsOnly_Sample_V1_20240904.txt,test,Edward Pritchard,start=10466;end=10482,10466,10482,tagging,Person|created by|Edward Pritchard,Person,created by,Edward Pritchard,,,,2024-10-09T10:40:30.907Z|2024-10-09T10:40:34.352Z|2024-10-09T10:40:41.609Z,2024-10-09T10:40:30.525Z|2024-10-09T10:40:33.673Z|2024-10-09T10:40:41.282Z,Sarah Middle,Sarah Middle,FALSE,,ba220dbd-3719-4163-a2c5-8fec01aacbe5
05837bcf-5f9d-43c7-ac7c-7f10510dd847,DataFile_NMS_May24_DescriptiveFieldsOnly_Sample_V1_20240904.txt,test,"stepped oak box, signed and made by George Stebbing of Portsmouth",start=10487;end=10552,10487,10552,tagging,Part|has part,Part,has part,,,,,2024-10-09T10:41:14.179Z|2024-10-09T10:41:18.443Z,2024-10-09T10:41:13.818Z|2024-10-09T10:41:18.150Z,Sarah Middle,Sarah Middle,FALSE,,ba220dbd-3719-4163-a2c5-8fec01aacbe5
af8340eb-4e82-481b-bb73-52e69ca378c2,DataFile_NMS_May24_DescriptiveFieldsOnly_Sample_V1_20240904.txt,test,oak,start=10495;end=10498,10495,10498,tagging,Material|consists of|oak,Material,consists of,oak,,,,2024-10-09T10:41:29.494Z|2024-10-09T10:41:32.664Z|2024-10-09T10:41:35.128Z,2024-10-09T10:41:29.161Z|2024-10-09T10:41:32.326Z|2024-10-09T10:41:34.750Z,Sarah Middle,Sarah Middle,FALSE,,ba220dbd-3719-4163-a2c5-8fec01aacbe5
6edbd13b-adf0-40ad-ba23-ff4ffc31d095,DataFile_NMS_May24_DescriptiveFieldsOnly_Sample_V1_20240904.txt,test,signed,start=10504;end=10510,10504,10510,tagging,Inscription Type|has type|signature,Inscription Type,has type,signature,,,,2024-10-09T10:42:22.718Z|2024-10-09T10:42:25.980Z|2024-10-09T10:42:29.281Z,2024-10-09T10:42:22.399Z|2024-10-09T10:42:25.670Z|2024-10-09T10:42:29.036Z,Sarah Middle,Sarah Middle,FALSE,,ba220dbd-3719-4163-a2c5-8fec01aacbe5
34408357-d81c-4d25-8185-154a6334ba03,DataFile_NMS_May24_DescriptiveFieldsOnly_Sample_V1_20240904.txt,test,signed and made by George Stebbing of Portsmouth,start=10504;end=10552,10504,10552,tagging,Inscription|carries,Inscription,carries,,,,,2024-10-09T10:42:01.502Z|2024-10-09T10:42:04.195Z,2024-10-09T10:42:01.132Z|2024-10-09T10:42:03.664Z,Sarah Middle,Sarah Middle,FALSE,,ba220dbd-3719-4163-a2c5-8fec01aacbe5
1034123d-d364-45d3-a82f-0f37c4dec40c,DataFile_NMS_May24_DescriptiveFieldsOnly_Sample_V1_20240904.txt,test,made by George Stebbing of Portsmouth,start=10515;end=10552,10515,10552,tagging,Creation|created in,Creation,created in,,,,,2024-10-09T10:42:38.911Z|2024-10-09T10:42:41.159Z,2024-10-09T10:42:38.669Z|2024-10-09T10:42:40.807Z,Sarah Middle,Sarah Middle,FALSE,,ba220dbd-3719-4163-a2c5-8fec01aacbe5
2311a8e3-791e-432d-85bc-710924b4b754,DataFile_NMS_May24_DescriptiveFieldsOnly_Sample_V1_20240904.txt,test,George Stebbing,start=10523;end=10538,10523,10538,tagging,Person|created by|George Stebbing,Person,created by,George Stebbing,,,,2024-10-09T10:42:50.355Z|2024-10-09T10:42:52.667Z|2024-10-09T10:42:56.662Z,2024-10-09T10:42:50.019Z|2024-10-09T10:42:52.441Z|2024-10-09T10:42:56.348Z,Sarah Middle,Sarah Middle,FALSE,,ba220dbd-3719-4163-a2c5-8fec01aacbe5
d81efe21-70a6-428a-9f58-5b34b1d782c1,DataFile_NMS_May24_DescriptiveFieldsOnly_Sample_V1_20240904.txt,test,Portsmouth,start=10542;end=10552,10542,10552,geotagging,"{""id"":""http://www.wikidata.org/entity/Q72259"",""properties"":{""title"":""Portsmouth"",""description"":""city in Hampshire, England""},""geometry"":{""type"":""Point"",""coordinates"":[-1.087222222,50.805833333]}}|Place|took place at","{""id"":""http://www.wikidata.org/entity/Q72259"",""properties"":{""title"":""Portsmouth"",""description"":""city in Hampshire, England""},""geometry"":{""type"":""Point"",""coordinates"":[-1.087222222,50.805833333]}}",Place,took place at,,,,2024-10-09T10:44:10.518Z|2024-10-09T10:44:17.613Z|2024-10-09T10:44:25.326Z,2024-10-09T10:44:10.132Z|2024-10-09T10:44:17.303Z|2024-10-09T10:44:24.979Z,Sarah Middle,Sarah Middle,FALSE,,ba220dbd-3719-4163-a2c5-8fec01aacbe5
922be829-0419-4876-8169-981636838812,DataFile_NMS_May24_DescriptiveFieldsOnly_Sample_V1_20240904.txt,test,c. 1810,start=10554;end=10561,10554,10561,tagging,Creation|created in,Creation,created in,,,,,2024-10-09T10:45:00.831Z|2024-10-09T10:45:02.781Z,2024-10-09T10:45:00.334Z|2024-10-09T10:45:02.539Z,Sarah Middle,Sarah Middle,FALSE,,ba220dbd-3719-4163-a2c5-8fec01aacbe5
6aef4926-8b93-4750-b213-cf59c1e2469e,DataFile_NMS_May24_DescriptiveFieldsOnly_Sample_V1_20240904.txt,test,c. 1810,start=10554;end=10561,10554,10561,tagging,Date|has time-span|start date|end date|1810|c.,Date,has time-span,start date,end date,1810,c.,2024-10-09T10:45:13.706Z|2024-10-09T10:45:16.794Z|2024-10-09T10:45:22.414Z|2024-10-09T10:45:27.339Z|2024-10-09T10:45:34.887Z|2024-10-09T10:45:37.675Z,2024-10-09T10:45:13.383Z|2024-10-09T10:45:16.452Z|2024-10-09T10:45:22.092Z|2024-10-09T10:45:27.036Z|2024-10-09T10:45:34.552Z|2024-10-09T10:45:37.451Z,Sarah Middle,Sarah Middle,FALSE,,ba220dbd-3719-4163-a2c5-8fec01aacbe5
f735c18e-9c03-4251-b8d3-2484d0d2c87c,DataFile_NMS_May24_DescriptiveFieldsOnly_Sample_V1_20240904.txt,test,Islamic quadrant,start=10582;end=10598,10582,10598,tagging,"Object Type|has type|quadrant, Islamic",Object Type,has type,"quadrant, Islamic",,,,2024-10-09T10:48:06.839Z|2024-10-09T10:48:10.071Z|2024-10-09T10:48:21.396Z,2024-10-09T10:48:06.484Z|2024-10-09T10:48:09.830Z|2024-10-09T10:48:21.184Z,Sarah Middle,Sarah Middle,FALSE,,e36ba917-d464-4de8-a0f9-48ba2e230964
80b723f8-b46b-402c-ad54-8daa152460bc,DataFile_NMS_May24_DescriptiveFieldsOnly_Sample_V1_20240904.txt,test,wood,start=10612;end=10616,10612,10616,tagging,Material|consists of|wood,Material,consists of,wood,,,,2024-10-09T10:48:35.022Z|2024-10-09T10:48:41.454Z|2024-10-09T10:48:45.552Z,2024-10-09T10:48:34.751Z|2024-10-09T10:48:41.209Z|2024-10-09T10:48:45.297Z,Sarah Middle,Sarah Middle,FALSE,,e36ba917-d464-4de8-a0f9-48ba2e230964
2d97ac37-4914-483e-a6d9-c0b0649bed1c,DataFile_NMS_May24_DescriptiveFieldsOnly_Sample_V1_20240904.txt,test,sinecal,start=10623;end=10630,10623,10630,tagging,Part|has part,Part,has part,,,,,2024-10-09T10:49:45.916Z|2024-10-09T10:49:49.032Z,2024-10-09T10:49:45.352Z|2024-10-09T10:49:48.738Z,Sarah Middle,Sarah Middle,FALSE,,e36ba917-d464-4de8-a0f9-48ba2e230964
5b859d87-3d53-4773-8f25-c5e1ffcfa8c0,DataFile_NMS_May24_DescriptiveFieldsOnly_Sample_V1_20240904.txt,test,sinecal,start=10623;end=10630,10623,10630,tagging,"Object Type|has type|scale, sinecal",Object Type,has type,"scale, sinecal",,,,2024-10-09T10:50:52.206Z|2024-10-09T10:50:55.454Z|2024-10-09T10:50:58.518Z,2024-10-09T10:50:51.889Z|2024-10-09T10:50:55.208Z|2024-10-09T10:50:58.187Z,Sarah Middle,Sarah Middle,FALSE,,e36ba917-d464-4de8-a0f9-48ba2e230964
97f85a8f-a479-4f8a-8e58-008955699e7e,DataFile_NMS_May24_DescriptiveFieldsOnly_Sample_V1_20240904.txt,test,horary scales,start=10635;end=10648,10635,10648,tagging,Part|has part,Part,has part,,,,,2024-10-09T10:50:12.124Z|2024-10-09T10:50:16.257Z,2024-10-09T10:50:11.811Z|2024-10-09T10:50:15.853Z,Sarah Middle,Sarah Middle,FALSE,,e36ba917-d464-4de8-a0f9-48ba2e230964
d0c5f447-abc3-4353-bf1f-9dfaf42f1cc1,DataFile_NMS_May24_DescriptiveFieldsOnly_Sample_V1_20240904.txt,test,horary scales,start=10635;end=10648,10635,10648,tagging,"Object Type|has type|scale, horary",Object Type,has type,"scale, horary",,,,2024-10-09T10:50:34.903Z|2024-10-09T10:50:38.219Z|2024-10-09T10:50:42.520Z,2024-10-09T10:50:34.579Z|2024-10-09T10:50:37.922Z|2024-10-09T10:50:42.189Z,Sarah Middle,Sarah Middle,FALSE,,e36ba917-d464-4de8-a0f9-48ba2e230964
48932e6c-d9be-408a-bf0c-8aabb0ac01f0,DataFile_NMS_May24_DescriptiveFieldsOnly_Sample_V1_20240904.txt,test,Turkish,start=10666;end=10673,10666,10673,geotagging,"{""id"":""http://www.wikidata.org/entity/Q43"",""properties"":{""title"":""Turkey"",""description"":""country straddling Southeast Europe and West Asia""},""geometry"":{""type"":""Point"",""coordinates"":[36,39]}}|Place|took place at|Turkey","{""id"":""http://www.wikidata.org/entity/Q43"",""properties"":{""title"":""Turkey"",""description"":""country straddling Southeast Europe and West Asia""},""geometry"":{""type"":""Point"",""coordinates"":[36,39]}}",Place,took place at,Turkey,,,2024-10-09T10:51:36.452Z|2024-10-09T10:51:40.963Z|2024-10-09T10:51:45.560Z|2024-10-09T10:51:48.465Z,2024-10-09T10:51:36.038Z|2024-10-09T10:51:40.705Z|2024-10-09T10:51:45.253Z|2024-10-09T10:51:48.179Z,Sarah Middle,Sarah Middle,FALSE,,e36ba917-d464-4de8-a0f9-48ba2e230964
e313bbb5-c529-4fa4-b897-f59f9f691b90,DataFile_NMS_May24_DescriptiveFieldsOnly_Sample_V1_20240904.txt,test,Turkish origin,start=10666;end=10680,10666,10680,tagging,Creation|created in,Creation,created in,,,,,2024-10-09T10:51:16.876Z|2024-10-09T10:51:19.110Z,2024-10-09T10:51:16.544Z|2024-10-09T10:51:18.843Z,Sarah Middle,Sarah Middle,FALSE,,e36ba917-d464-4de8-a0f9-48ba2e230964
a3c5a1ef-ba78-4549-af69-0531385416cc,DataFile_NMS_May24_DescriptiveFieldsOnly_Sample_V1_20240904.txt,test,in a box marked 'Indischer Quadrant',start=10686;end=10722,10686,10722,tagging,Part|has part,Part,has part,,,,,2024-10-09T10:52:06.092Z|2024-10-09T10:52:09.753Z,2024-10-09T10:52:05.767Z|2024-10-09T10:52:09.399Z,Sarah Middle,Sarah Middle,FALSE,,e36ba917-d464-4de8-a0f9-48ba2e230964
4ee308e9-a81a-4fb8-8f1f-8b56fabe2325,DataFile_NMS_May24_DescriptiveFieldsOnly_Sample_V1_20240904.txt,test,box,start=10691;end=10694,10691,10694,tagging,Object Type|has type|box,Object Type,has type,box,,,,2024-10-09T10:52:17.968Z|2024-10-09T10:52:20.928Z|2024-10-09T10:52:23.827Z,2024-10-09T10:52:17.691Z|2024-10-09T10:52:20.715Z|2024-10-09T10:52:23.536Z,Sarah Middle,Sarah Middle,FALSE,,e36ba917-d464-4de8-a0f9-48ba2e230964
b1a3a338-66b7-4723-81d7-7b85eb3815b5,DataFile_NMS_May24_DescriptiveFieldsOnly_Sample_V1_20240904.txt,test,marked 'Indischer Quadrant',start=10695;end=10722,10695,10722,tagging,Inscription|carries,Inscription,carries,,,,,2024-10-09T10:52:38.896Z|2024-10-09T10:52:41.356Z,2024-10-09T10:52:38.631Z|2024-10-09T10:52:41.164Z,Sarah Middle,Sarah Middle,FALSE,,e36ba917-d464-4de8-a0f9-48ba2e230964
b100d767-a48d-4374-821b-c45cf7086960,DataFile_NMS_May24_DescriptiveFieldsOnly_Sample_V1_20240904.txt,test,Indischer Quadrant,start=10703;end=10721,10703,10721,tagging,has value,has value,,,,,,2024-10-09T10:55:42.974Z,2024-10-09T10:55:42.517Z,Sarah Middle,Sarah Middle,FALSE,,e36ba917-d464-4de8-a0f9-48ba2e230964
ab78b8a8-c9cd-486d-8e65-f76c87d1af2b,DataFile_NMS_May24_DescriptiveFieldsOnly_Sample_V1_20240904.txt,test,19th century,start=10724;end=10736,10724,10736,tagging,Creation|created in,Creation,created in,,,,,2024-10-09T10:56:00.560Z|2024-10-09T10:56:02.981Z,2024-10-09T10:56:00.264Z|2024-10-09T10:56:02.670Z,Sarah Middle,Sarah Middle,FALSE,,e36ba917-d464-4de8-a0f9-48ba2e230964
48d11950-fbb8-4fa0-b33c-d93ec370a147,DataFile_NMS_May24_DescriptiveFieldsOnly_Sample_V1_20240904.txt,test,19th century,start=10724;end=10736,10724,10736,tagging,Date|has time-span|start date|end date|1800-01-01|1899-12-31,Date,has time-span,start date,end date,1800-01-01,1899-12-31,2024-10-09T10:56:15.994Z|2024-10-09T10:56:28.952Z|2024-10-09T10:56:31.302Z|2024-10-09T10:56:34.854Z|2024-10-09T10:56:49.748Z|2024-10-09T10:56:55.028Z,2024-10-09T10:56:15.711Z|2024-10-09T10:56:28.599Z|2024-10-09T10:56:31.117Z|2024-10-09T10:56:34.586Z|2024-10-09T10:56:49.441Z|2024-10-09T10:56:54.707Z,Sarah Middle,Sarah Middle,FALSE,,e36ba917-d464-4de8-a0f9-48ba2e230964
ac0388b3-e7c6-4a7a-aac6-e25222039200,DataFile_NMS_May24_DescriptiveFieldsOnly_Sample_V1_20240904.txt,test,"found in 1845 on the island of Valencia in Ireland, within view of the place where three Spanish Armada vessels were wrecked in 1588",start=1262;end=1394,1262,1394,tagging,Finding|found in,Finding,found in,,,,,2024-09-11T12:25:17.611Z|2024-09-11T12:25:20.410Z,2024-09-11T12:25:17.411Z|2024-09-11T12:25:20.199Z,Sarah Middle,Sarah Middle,FALSE,,a7c25a0f-1bca-4071-a552-db4f7a75c89e
759ddc78-1170-4fb8-b101-466b1701050b,DataFile_NMS_May24_DescriptiveFieldsOnly_Sample_V1_20240904.txt,test,1845,start=1271;end=1275,1271,1275,tagging,Date|has time-span|start date|end date|1845,Date,has time-span,start date,end date,1845,,2024-09-05T12:27:04.102Z|2024-09-05T12:27:08.126Z|2024-09-05T12:27:11.377Z|2024-09-05T12:27:14.652Z|2024-10-28T13:26:06.070Z,2024-09-05T12:27:03.864Z|2024-09-05T12:27:07.964Z|2024-09-05T12:27:10.943Z|2024-09-05T12:27:14.194Z|2024-10-28T13:26:05.788Z,Sarah Middle,Sarah Middle,FALSE,,a7c25a0f-1bca-4071-a552-db4f7a75c89e
1d9b9898-a04f-4fd7-9fce-20b7c86a5c06,DataFile_NMS_May24_DescriptiveFieldsOnly_Sample_V1_20240904.txt,test,Valencia,start=1293;end=1301,1293,1301,geotagging,"{""id"":""http://www.wikidata.org/entity/Q59725005"",""properties"":{""title"":""Valencia"",""description"":""electoral district in County Kerry, Ireland""},""geometry"":{""type"":""Point"",""coordinates"":[-10.3583862,51.9079597]}}|Place|took place at","{""id"":""http://www.wikidata.org/entity/Q59725005"",""properties"":{""title"":""Valencia"",""description"":""electoral district in County Kerry, Ireland""},""geometry"":{""type"":""Point"",""coordinates"":[-10.3583862,51.9079597]}}",Place,took place at,,,,2024-09-11T12:12:50.909Z|2024-09-11T12:13:21.811Z|2024-09-11T12:13:34.538Z,2024-09-11T12:12:50.397Z|2024-09-11T12:13:21.511Z|2024-09-11T12:13:34.262Z,Sarah Middle,Sarah Middle,FALSE,,a7c25a0f-1bca-4071-a552-db4f7a75c89e
56252c11-c55a-4f5a-859f-f1019f5f8efd,DataFile_NMS_May24_DescriptiveFieldsOnly_Sample_V1_20240904.txt,test,It is now in the National Maritime Museum at Greenwich in London,start=1396;end=1460,1396,1460,tagging,Transfer of Custody|custody transferred through,Transfer of Custody,custody transferred through,,,,,2024-09-11T12:27:30.164Z|2024-09-11T12:27:35.353Z,2024-09-11T12:27:29.770Z|2024-09-11T12:27:35.019Z,Sarah Middle,Sarah Middle,FALSE,,a7c25a0f-1bca-4071-a552-db4f7a75c89e
2ff06c85-3788-4bf0-b3f1-157cd2521a41,DataFile_NMS_May24_DescriptiveFieldsOnly_Sample_V1_20240904.txt,test,National Maritime Museum at Greenwich in London,start=1413;end=1460,1413,1460,tagging,Organisation|custody received by|National Maritime Museum,Organisation,custody received by,National Maritime Museum,,,,2024-09-11T12:28:13.326Z|2024-09-11T12:28:22.464Z|2024-09-11T12:28:41.287Z,2024-09-11T12:28:13.067Z|2024-09-11T12:28:22.304Z|2024-09-11T12:28:40.895Z,Sarah Middle,Sarah Middle,FALSE,,a7c25a0f-1bca-4071-a552-db4f7a75c89e
3530a327-5cf8-4c28-916b-1afa21c2b197,DataFile_NMS_May24_DescriptiveFieldsOnly_Sample_V1_20240904.txt,test,Greenwich,start=1441;end=1450,1441,1450,geotagging,"{""id"":""http://www.wikidata.org/entity/Q179385"",""properties"":{""title"":""Greenwich"",""description"":""town in south-east London, England, UK""},""geometry"":{""type"":""Point"",""coordinates"":[0,51.48]}}|Place|located in","{""id"":""http://www.wikidata.org/entity/Q179385"",""properties"":{""title"":""Greenwich"",""description"":""town in south-east London, England, UK""},""geometry"":{""type"":""Point"",""coordinates"":[0,51.48]}}",Place,located in,,,,2024-09-11T12:29:27.111Z|2024-09-11T12:29:43.038Z|2024-09-11T12:29:53.277Z,2024-09-11T12:29:26.829Z|2024-09-11T12:29:42.824Z|2024-09-11T12:29:52.922Z,Sarah Middle,Sarah Middle,FALSE,,a7c25a0f-1bca-4071-a552-db4f7a75c89e
9ee4bbf9-8bc9-442f-a95c-8b0559ed8b76,DataFile_NMS_May24_DescriptiveFieldsOnly_Sample_V1_20240904.txt,test,"The original astrolabe was found in 1845 on the island of Valencia in Ireland, within view of the place where three Spanish Armada vessels were wrecked in 1588. It is now in the National Maritime Museum at Greenwich in London.",start=1235;end=1461,1235,1461,tagging,Object|reproduction of,Object,reproduction of,,,,,2024-09-05T12:23:15.114Z|2024-09-05T12:23:18.401Z,2024-09-05T12:23:14.790Z|2024-09-05T12:23:18.058Z,Sarah Middle,Sarah Middle,FALSE,,a7c25a0f-1bca-4071-a552-db4f7a75c89e
e5e497cf-db57-400d-bc34-85bd7d09bec8,DataFile_NMS_May24_DescriptiveFieldsOnly_Sample_V1_20240904.txt,test,Copper-bronze,start=158;end=171,158,171,tagging,Material|consists of|copper-bronze,Material,consists of,copper-bronze,,,,2024-09-05T11:49:18.343Z|2024-09-05T11:49:28.177Z|2024-09-05T11:49:34.609Z,2024-09-05T11:49:18.111Z|2024-09-05T11:49:27.771Z|2024-09-05T11:49:34.389Z,Sarah Middle,Sarah Middle,FALSE,,a7c25a0f-1bca-4071-a552-db4f7a75c89e
bcee8ce4-ce48-483b-ad27-268cc01a4db8,DataFile_NMS_May24_DescriptiveFieldsOnly_Sample_V1_20240904.txt,test,electrotype,start=172;end=183,172,183,tagging,Creation|created in,Creation,created in,,,,,2024-09-11T12:50:02.957Z|2024-09-11T12:50:05.773Z,2024-09-11T12:50:02.300Z|2024-09-11T12:50:05.449Z,Sarah Middle,Sarah Middle,FALSE,,a7c25a0f-1bca-4071-a552-db4f7a75c89e
6f0d5ad6-ba09-4d18-bfc8-c3516fd24a9d,DataFile_NMS_May24_DescriptiveFieldsOnly_Sample_V1_20240904.txt,test,electrotype,start=172;end=183,172,183,tagging,Technique|used technique|electrotyping,Technique,used technique,electrotyping,,,,2024-09-11T12:50:24.353Z|2024-09-11T12:50:28.027Z|2024-09-11T12:50:33.948Z,2024-09-11T12:50:23.904Z|2024-09-11T12:50:27.590Z|2024-09-11T12:50:33.498Z,Sarah Middle,Sarah Middle,FALSE,,a7c25a0f-1bca-4071-a552-db4f7a75c89e
40eb05b5-588f-44b6-939a-53f244b76d65,DataFile_NMS_May24_DescriptiveFieldsOnly_Sample_V1_20240904.txt,test,16th century,start=189;end=201,189,201,tagging,Creation|created in,Creation,created in,,,,,2024-09-05T11:54:20.801Z|2024-09-05T11:54:24.318Z,2024-09-05T11:54:20.569Z|2024-09-05T11:54:24.120Z,Sarah Middle,Sarah Middle,FALSE,,a7c25a0f-1bca-4071-a552-db4f7a75c89e
21253097-f774-4566-a5e7-751455cd2364,DataFile_NMS_May24_DescriptiveFieldsOnly_Sample_V1_20240904.txt,test,16th century,start=189;end=201,189,201,tagging,Date|has time-span|start date|end date|1500-01-01|1599-12-31,Date,has time-span,start date,end date,1500-01-01,1599-12-31,2024-09-05T11:54:56.072Z|2024-09-05T11:55:05.700Z|2024-09-05T11:55:26.491Z|2024-09-05T11:55:29.904Z|2024-09-05T11:55:42.199Z|2024-09-05T11:55:50.814Z,2024-09-05T11:54:55.824Z|2024-09-05T11:55:05.430Z|2024-09-05T11:55:26.033Z|2024-09-05T11:55:29.560Z|2024-09-05T11:55:41.926Z|2024-09-05T11:55:50.317Z,Sarah Middle,Sarah Middle,FALSE,,a7c25a0f-1bca-4071-a552-db4f7a75c89e
e847dd39-606a-4317-803b-4983f3fef791,DataFile_NMS_May24_DescriptiveFieldsOnly_Sample_V1_20240904.txt,test,16th century mariner's astrolabe,start=189;end=221,189,221,tagging,Object|reproduction of,Object,reproduction of,,,,,2024-09-05T11:53:03.197Z|2024-09-05T11:53:09.151Z,2024-09-05T11:53:03.031Z|2024-09-05T11:53:08.972Z,Sarah Middle,Sarah Middle,FALSE,,a7c25a0f-1bca-4071-a552-db4f7a75c89e
8a17d492-14c2-4617-a3f2-20164973c137,DataFile_NMS_May24_DescriptiveFieldsOnly_Sample_V1_20240904.txt,test,mariner's astrolabe,start=202;end=221,202,221,tagging,"Object Type|has type|astrolabe, mariner's",Object Type,has type,"astrolabe, mariner's",,,,2024-09-05T11:56:30.898Z|2024-09-05T11:56:36.856Z|2024-09-05T11:56:52.321Z,2024-09-05T11:56:30.665Z|2024-09-05T11:56:36.442Z|2024-09-05T11:56:52.047Z,Sarah Middle,Sarah Middle,FALSE,,a7c25a0f-1bca-4071-a552-db4f7a75c89e
134326e2-9c40-4093-a8c0-4c1e45a56cad,DataFile_NMS_May24_DescriptiveFieldsOnly_Sample_V1_20240904.txt,test,"by Messrs Elkington and Co. Ltd, London, c. 1925",start=223;end=271,223,271,tagging,Creation|created in,Creation,created in,,,,,2024-09-05T11:57:14.968Z|2024-09-05T11:57:17.489Z,2024-09-05T11:57:14.557Z|2024-09-05T11:57:17.264Z,Sarah Middle,Sarah Middle,FALSE,,a7c25a0f-1bca-4071-a552-db4f7a75c89e
935133da-39f2-4417-9d9a-bb050bd37223,DataFile_NMS_May24_DescriptiveFieldsOnly_Sample_V1_20240904.txt,test,Messrs Elkington and Co. Ltd,start=226;end=254,226,254,tagging,Organisation|created by|Messrs Elkington and Co. Ltd.,Organisation,created by,Messrs Elkington and Co. Ltd.,,,,2024-09-05T11:57:44.337Z|2024-09-05T11:57:53.863Z|2024-09-05T11:58:20.160Z,2024-09-05T11:57:44.078Z|2024-09-05T11:57:53.617Z|2024-09-05T11:58:19.711Z,Sarah Middle,Sarah Middle,FALSE,,a7c25a0f-1bca-4071-a552-db4f7a75c89e
821478f8-6d1b-441d-ba9d-1b2e4977e892,DataFile_NMS_May24_DescriptiveFieldsOnly_Sample_V1_20240904.txt,test,London,start=256;end=262,256,262,tagging,"Place|took place at|{""id"":""http://www.wikidata.org/entity/Q84"",""properties"":{""title"":""London"",""description"":""capital and largest city of England and the United Kingdom""},""geometry"":{""type"":""Point"",""coordinates"":[-0.1275,51.507222222]}}",Place,took place at,"{""id"":""http://www.wikidata.org/entity/Q84"",""properties"":{""title"":""London"",""description"":""capital and largest city of England and the United Kingdom""},""geometry"":{""type"":""Point"",""coordinates"":[-0.1275,51.507222222]}}",,,,2024-09-05T11:59:15.169Z|2024-09-05T11:59:24.090Z|2024-10-09T14:37:53.987Z|2024-10-09T14:37:57.246Z,2024-09-05T11:59:14.979Z|2024-09-05T11:59:23.794Z|2024-10-09T14:37:53.445Z|2024-10-09T14:37:56.826Z,Sarah Middle,Sarah Middle,FALSE,,a7c25a0f-1bca-4071-a552-db4f7a75c89e
9f72fbfe-a54c-4637-9a48-574d2868f184,DataFile_NMS_May24_DescriptiveFieldsOnly_Sample_V1_20240904.txt,test,c. 1925,start=264;end=271,264,271,tagging,Date|has time-span|start date|end date|1925|c.,Date,has time-span,start date,end date,1925,c.,2024-09-05T11:59:55.054Z|2024-09-05T12:00:00.340Z|2024-09-05T12:00:11.889Z|2024-09-05T12:00:17.155Z|2024-10-28T13:25:21.681Z|2024-10-28T13:25:25.408Z,2024-09-05T11:59:54.755Z|2024-09-05T12:00:00.100Z|2024-09-05T12:00:11.467Z|2024-09-05T12:00:16.903Z|2024-10-28T13:25:21.194Z|2024-10-28T13:25:25.223Z,Sarah Middle,Sarah Middle,FALSE,,a7c25a0f-1bca-4071-a552-db4f7a75c89e
c7958b71-58d0-4c78-8aa3-4744484cc28d,DataFile_NMS_May24_DescriptiveFieldsOnly_Sample_V1_20240904.txt,test,Using the Stars US1,start=278;end=297,278,297,tagging,Exhibition|displayed in|Using the Stars|US1,Exhibition,displayed in,Using the Stars,US1,,,2024-09-05T12:06:24.968Z|2024-09-05T12:06:29.615Z|2024-09-05T12:06:36.964Z|2024-09-05T12:06:42.770Z,2024-09-05T12:06:24.703Z|2024-09-05T12:06:29.180Z|2024-09-05T12:06:36.538Z|2024-09-05T12:06:42.480Z,Sarah Middle,Sarah Middle,FALSE,,a7c25a0f-1bca-4071-a552-db4f7a75c89e
dd9938b6-23fa-4932-a124-38ae68b37c2c,DataFile_NMS_May24_DescriptiveFieldsOnly_Sample_V1_20240904.txt,test,"This replica is of an unfinished instrument, understood to have come from a Spanish Armada wreck of 1588.",start=430;end=535,430,535,tagging,Object|reproduction of,Object,reproduction of,,,,,2024-09-05T12:12:18.474Z|2024-09-05T12:12:21.906Z,2024-09-05T12:12:18.285Z|2024-09-05T12:12:21.686Z,Sarah Middle,Sarah Middle,FALSE,,a7c25a0f-1bca-4071-a552-db4f7a75c89e
2dc48046-96ce-44cd-b070-ec601d00b91c,DataFile_NMS_May24_DescriptiveFieldsOnly_Sample_V1_20240904.txt,test,Spanish Armada wreck of 1588,start=506;end=534,506,534,tagging,Voyage|was present at|Spanish Armada,Voyage,was present at,Spanish Armada,,,,2024-09-05T12:15:11.273Z|2024-09-05T12:15:20.889Z|2024-09-05T12:22:20.189Z,2024-09-05T12:15:11.082Z|2024-09-05T12:15:20.716Z|2024-09-05T12:22:19.732Z,Sarah Middle,Sarah Middle,FALSE,,a7c25a0f-1bca-4071-a552-db4f7a75c89e
c35ee30a-c6ce-4e73-a456-303b788e181a,DataFile_NMS_May24_DescriptiveFieldsOnly_Sample_V1_20240904.txt,test,1588,start=530;end=534,530,534,tagging,Date|has time-span|start date|end date|1588,Date,has time-span,start date,end date,1588,,2024-09-05T12:16:11.440Z|2024-09-05T12:16:15.713Z|2024-09-05T12:16:21.393Z|2024-09-05T12:16:24.154Z|2024-10-28T13:25:51.113Z,2024-09-05T12:16:11.272Z|2024-09-05T12:16:15.553Z|2024-09-05T12:16:21.221Z|2024-09-05T12:16:23.987Z|2024-10-28T13:25:50.669Z,Sarah Middle,Sarah Middle,FALSE,,a7c25a0f-1bca-4071-a552-db4f7a75c89e
1b5f34dc-ec58-4ca0-bb49-159abc406a3e,DataFile_NMS_May24_DescriptiveFieldsOnly_Sample_V1_20240904.txt,test,18th century,start=3023;end=3035,3023,3035,tagging,Creation|created in,Creation,created in,,,,,2024-09-11T13:14:16.052Z|2024-09-11T13:14:20.232Z,2024-09-11T13:14:15.685Z|2024-09-11T13:14:19.908Z,Sarah Middle,Sarah Middle,FALSE,,8c03ab36-110f-4200-a2cd-3e5da5020736
9ef56a96-8653-4927-8d2e-b41af30c0fbe,DataFile_NMS_May24_DescriptiveFieldsOnly_Sample_V1_20240904.txt,test,"18th century cross-staff in Sjofartsmuseum, Bergen",start=3023;end=3073,3023,3073,tagging,Object|reproduction of,Object,reproduction of,,,,,2024-09-11T13:13:36.468Z|2024-09-11T13:13:42.503Z,2024-09-11T13:13:36.286Z|2024-09-11T13:13:42.330Z,Sarah Middle,Sarah Middle,FALSE,,8c03ab36-110f-4200-a2cd-3e5da5020736
4c384c63-916b-4d54-bc65-4aeac3160eb5,DataFile_NMS_May24_DescriptiveFieldsOnly_Sample_V1_20240904.txt,test,cross-staff,start=3036;end=3047,3036,3047,tagging,Object Type|has type|cross-staff,Object Type,has type,cross-staff,,,,2024-09-11T13:15:51.706Z|2024-09-11T13:15:57.954Z|2024-09-11T13:16:16.160Z,2024-09-11T13:15:51.492Z|2024-09-11T13:15:57.790Z|2024-09-11T13:16:15.971Z,Sarah Middle,Sarah Middle,FALSE,,8c03ab36-110f-4200-a2cd-3e5da5020736
79f300d3-b0eb-4192-a523-595036db90af,DataFile_NMS_May24_DescriptiveFieldsOnly_Sample_V1_20240904.txt,test,"in Sjofartsmuseum, Bergen",start=3048;end=3073,3048,3073,tagging,Transfer of Custody|custody transferred through,Transfer of Custody,custody transferred through,,,,,2024-09-11T13:17:23.627Z|2024-09-11T13:17:29.637Z,2024-09-11T13:17:23.292Z|2024-09-11T13:17:29.225Z,Sarah Middle,Sarah Middle,FALSE,,8c03ab36-110f-4200-a2cd-3e5da5020736
e1decafb-cd09-4344-82d7-380d0df2fe41,DataFile_NMS_May24_DescriptiveFieldsOnly_Sample_V1_20240904.txt,test,"Sjofartsmuseum, Bergen",start=3051;end=3073,3051,3073,tagging,Organisation|custody received by|Sjofartsmuseum,Organisation,custody received by,Sjofartsmuseum,,,,2024-09-11T13:19:01.323Z|2024-09-11T13:19:07.638Z|2024-09-11T13:19:11.917Z,2024-09-11T13:19:01.143Z|2024-09-11T13:19:07.482Z|2024-09-11T13:19:11.743Z,Sarah Middle,Sarah Middle,FALSE,,8c03ab36-110f-4200-a2cd-3e5da5020736
40a1a2e6-06dc-4253-b3c1-4c848a2879f4,DataFile_NMS_May24_DescriptiveFieldsOnly_Sample_V1_20240904.txt,test,Bergen,start=3067;end=3073,3067,3073,geotagging,"{""id"":""http://www.wikidata.org/entity/Q26793"",""properties"":{""title"":""Bergen"",""description"":""Norwegian city in Vestland, Norway""},""geometry"":{""type"":""Point"",""coordinates"":[5.323333333,60.3925]}}|Place|located in","{""id"":""http://www.wikidata.org/entity/Q26793"",""properties"":{""title"":""Bergen"",""description"":""Norwegian city in Vestland, Norway""},""geometry"":{""type"":""Point"",""coordinates"":[5.323333333,60.3925]}}",Place,located in,,,,2024-09-11T13:19:52.338Z|2024-09-11T13:20:11.501Z|2024-09-11T13:20:20.918Z,2024-09-11T13:19:52.061Z|2024-09-11T13:20:11.253Z|2024-09-11T13:20:20.714Z,Sarah Middle,Sarah Middle,FALSE,,8c03ab36-110f-4200-a2cd-3e5da5020736
9ed7cdf5-5ca2-4277-b346-3ba18d62f730,DataFile_NMS_May24_DescriptiveFieldsOnly_Sample_V1_20240904.txt,test,cross bar,start=3082;end=3091,3082,3091,tagging,Object Type|has type|cross bar,Object Type,has type,cross bar,,,,2024-09-11T13:22:07.346Z|2024-09-11T13:22:13.898Z|2024-09-11T13:22:19.719Z,2024-09-11T13:22:07.145Z|2024-09-11T13:22:13.727Z|2024-09-11T13:22:19.567Z,Sarah Middle,Sarah Middle,FALSE,,8c03ab36-110f-4200-a2cd-3e5da5020736
13444db9-a3d1-46ea-ba24-40aa4bd5fb50,DataFile_NMS_May24_DescriptiveFieldsOnly_Sample_V1_20240904.txt,test,cross bar made of pearwood,start=3082;end=3108,3082,3108,tagging,Part|has part,Part,has part,,,,,2024-09-11T13:21:09.365Z|2024-09-11T13:21:12.217Z,2024-09-11T13:21:09.054Z|2024-09-11T13:21:12.025Z,Sarah Middle,Sarah Middle,FALSE,,8c03ab36-110f-4200-a2cd-3e5da5020736
6987c449-6049-4e9f-ba09-0b8103210556,DataFile_NMS_May24_DescriptiveFieldsOnly_Sample_V1_20240904.txt,test,pearwood,start=3100;end=3108,3100,3108,tagging,Material|consists of|pearwood,Material,consists of,pearwood,,,,2024-09-11T13:22:42.690Z|2024-09-11T13:22:45.631Z|2024-09-11T13:22:52.826Z,2024-09-11T13:22:42.528Z|2024-09-11T13:22:45.462Z|2024-09-11T13:22:52.646Z,Sarah Middle,Sarah Middle,FALSE,,8c03ab36-110f-4200-a2cd-3e5da5020736
a557a5b9-4955-4def-a017-0a9bd317279e,DataFile_NMS_May24_DescriptiveFieldsOnly_Sample_V1_20240904.txt,test,scales engraved on an ebony centre bar,start=3113;end=3151,3113,3151,tagging,Part|has part,Part,has part,,,,,2024-09-11T13:23:52.866Z|2024-09-11T13:23:56.405Z,2024-09-11T13:23:52.628Z|2024-09-11T13:23:56.252Z,Sarah Middle,Sarah Middle,FALSE,,8c03ab36-110f-4200-a2cd-3e5da5020736
ee4d6ce2-4ec6-4f53-be93-f8b457cb4053,DataFile_NMS_May24_DescriptiveFieldsOnly_Sample_V1_20240904.txt,test,ebony,start=3135;end=3140,3135,3140,tagging,Material|consists of|ebony,Material,consists of,ebony,,,,2024-09-11T13:24:07.198Z|2024-09-11T13:24:10.270Z|2024-09-11T13:24:13.703Z,2024-09-11T13:24:07.001Z|2024-09-11T13:24:10.095Z|2024-09-11T13:24:13.509Z,Sarah Middle,Sarah Middle,FALSE,,8c03ab36-110f-4200-a2cd-3e5da5020736
bed28db0-6eca-4c73-b075-768cfcc613ee,DataFile_NMS_May24_DescriptiveFieldsOnly_Sample_V1_20240904.txt,test,centre bar,start=3141;end=3151,3141,3151,tagging,Object Type|has type|centre bar,Object Type,has type,centre bar,,,,2024-09-11T13:24:28.018Z|2024-09-11T13:24:35.498Z|2024-09-11T13:24:38.907Z,2024-09-11T13:24:27.837Z|2024-09-11T13:24:35.346Z|2024-09-11T13:24:38.733Z,Sarah Middle,Sarah Middle,FALSE,,8c03ab36-110f-4200-a2cd-3e5da5020736
9958c4e4-7acb-4e3a-85d9-97d9077af22a,DataFile_NMS_May24_DescriptiveFieldsOnly_Sample_V1_20240904.txt,test,1929,start=3153;end=3157,3153,3157,tagging,Creation|created in,Creation,created in,,,,,2024-09-11T13:25:13.785Z|2024-09-11T13:25:15.588Z,2024-09-11T13:25:13.597Z|2024-09-11T13:25:15.395Z,Sarah Middle,Sarah Middle,FALSE,,8c03ab36-110f-4200-a2cd-3e5da5020736
4bbc747d-bbc0-4ba1-99ee-837467d105cf,DataFile_NMS_May24_DescriptiveFieldsOnly_Sample_V1_20240904.txt,test,1929,start=3153;end=3157,3153,3157,tagging,Date|has time-span|start date|end date|1929,Date,has time-span,start date,end date,1929,,2024-09-11T13:25:24.905Z|2024-09-11T13:25:36.066Z|2024-09-11T13:25:39.550Z|2024-09-11T13:25:41.836Z|2024-10-28T13:26:38.096Z,2024-09-11T13:25:24.723Z|2024-09-11T13:25:35.861Z|2024-09-11T13:25:39.379Z|2024-09-11T13:25:41.647Z|2024-10-28T13:26:37.646Z,Sarah Middle,Sarah Middle,FALSE,,8c03ab36-110f-4200-a2cd-3e5da5020736
7122eed3-00d6-4df7-a3d6-d2eb105876f7,DataFile_NMS_May24_DescriptiveFieldsOnly_Sample_V1_20240904.txt,test,Using the Stars US1,start=3162;end=3181,3162,3181,tagging,Exhibition|displayed in|Using the Stars|US1,Exhibition,displayed in,Using the Stars,US1,,,2024-09-11T13:28:25.896Z|2024-09-11T13:28:28.560Z|2024-09-11T13:28:32.477Z|2024-09-11T13:28:37.582Z,2024-09-11T13:28:25.701Z|2024-09-11T13:28:28.421Z|2024-09-11T13:28:32.298Z|2024-09-11T13:28:37.422Z,Sarah Middle,Sarah Middle,FALSE,,8c03ab36-110f-4200-a2cd-3e5da5020736
be960df0-c2b1-4683-87ae-f5cb6b66ce55,DataFile_NMS_May24_DescriptiveFieldsOnly_Sample_V1_20240904.txt,test,cross-staff,start=3311;end=3322,3311,3322,tagging,Object Type|has type|cross-staff,Object Type,has type,cross-staff,,,,2024-09-11T13:29:55.511Z|2024-09-11T13:29:59.050Z|2024-09-11T13:30:02.595Z,2024-09-11T13:29:55.333Z|2024-09-11T13:29:58.882Z|2024-09-11T13:30:02.414Z,Sarah Middle,Sarah Middle,FALSE,,8c03ab36-110f-4200-a2cd-3e5da5020736
986b8cea-175c-45ed-8326-f18c218233e3,DataFile_NMS_May24_DescriptiveFieldsOnly_Sample_V1_20240904.txt,test,Dutch,start=3788;end=3793,3788,3793,geotagging,"{""id"":""http://www.wikidata.org/entity/Q55"",""properties"":{""title"":""Netherlands"",""description"":""country in Northwestern Europe with territories in the Caribbean""},""geometry"":{""type"":""Point"",""coordinates"":[5.55,52.316666666]}}|Place|took place at","{""id"":""http://www.wikidata.org/entity/Q55"",""properties"":{""title"":""Netherlands"",""description"":""country in Northwestern Europe with territories in the Caribbean""},""geometry"":{""type"":""Point"",""coordinates"":[5.55,52.316666666]}}",Place,took place at,,,,2024-09-11T13:32:20.865Z|2024-09-11T13:34:37.350Z|2024-09-11T13:34:52.087Z,2024-09-11T13:32:20.634Z|2024-09-11T13:34:37.077Z|2024-09-11T13:34:51.885Z,Sarah Middle,Sarah Middle,FALSE,,8c03ab36-110f-4200-a2cd-3e5da5020736
e9323a18-11af-4329-95c8-b6374639be1d,DataFile_NMS_May24_DescriptiveFieldsOnly_Sample_V1_20240904.txt,test,Dutch cross-staff made in 1745,start=3788;end=3818,3788,3818,tagging,Creation|created in,Creation,created in,,,,,2024-09-11T13:31:23.420Z|2024-09-11T13:31:25.612Z,2024-09-11T13:31:23.265Z|2024-09-11T13:31:25.449Z,Sarah Middle,Sarah Middle,FALSE,,8c03ab36-110f-4200-a2cd-3e5da5020736
711eee94-eb8d-4bd4-ad5b-95bc0b3b996b,DataFile_NMS_May24_DescriptiveFieldsOnly_Sample_V1_20240904.txt,test,Dutch cross-staff made in 1745 and now in the Maritime Museum in Bergen in Norway,start=3788;end=3869,3788,3869,tagging,Object|reproduction of,Object,reproduction of,,,,,2024-09-11T13:31:06.467Z|2024-09-11T13:31:10.500Z,2024-09-11T13:31:06.238Z|2024-09-11T13:31:10.311Z,Sarah Middle,Sarah Middle,FALSE,,8c03ab36-110f-4200-a2cd-3e5da5020736
72aa93f7-8cc8-42a0-b6bd-581a1f65ddd5,DataFile_NMS_May24_DescriptiveFieldsOnly_Sample_V1_20240904.txt,test,1745,start=3814;end=3818,3814,3818,tagging,Date|has time-span|start date|end date|1745,Date,has time-span,start date,end date,1745,,2024-09-11T13:35:41.658Z|2024-09-11T13:35:47.328Z|2024-09-11T13:35:54.534Z|2024-09-11T13:35:58.082Z|2024-10-28T13:27:00.247Z,2024-09-11T13:35:41.250Z|2024-09-11T13:35:47.120Z|2024-09-11T13:35:54.217Z|2024-09-11T13:35:57.918Z|2024-10-28T13:26:59.930Z,Sarah Middle,Sarah Middle,FALSE,,8c03ab36-110f-4200-a2cd-3e5da5020736
90027455-8add-43a1-872a-ec06f7578b53,DataFile_NMS_May24_DescriptiveFieldsOnly_Sample_V1_20240904.txt,test,Sextant,start=4636;end=4643,4636,4643,tagging,Object Type|has type|sextant,Object Type,has type,sextant,,,,2024-09-11T13:39:37.103Z|2024-09-11T13:39:40.477Z|2024-09-11T13:39:43.353Z,2024-09-11T13:39:36.737Z|2024-09-11T13:39:40.336Z|2024-09-11T13:39:43.167Z,Sarah Middle,Sarah Middle,FALSE,,ce6b1756-b850-44a8-9d91-471b2305dec3
364ffa75-7e70-4b9c-b7c7-e119dfbed266,DataFile_NMS_May24_DescriptiveFieldsOnly_Sample_V1_20240904.txt,test,"signed 'John Bruce Liverpool',",start=4644;end=4674,4644,4674,tagging,Inscription|carries,Inscription,carries,,,,,2024-09-11T13:40:43.458Z|2024-09-11T13:40:46.182Z,2024-09-11T13:40:43.066Z|2024-09-11T13:40:45.968Z,Sarah Middle,Sarah Middle,FALSE,,ce6b1756-b850-44a8-9d91-471b2305dec3
09880991-53db-4d62-b384-b6987db73aba,DataFile_NMS_May24_DescriptiveFieldsOnly_Sample_V1_20240904.txt,test,John Bruce,start=4652;end=4662,4652,4662,tagging,Person|created by|John Bruce,Person,created by,John Bruce,,,,2024-09-11T13:42:01.862Z|2024-09-11T13:42:10.941Z|2024-09-11T13:42:17.461Z,2024-09-11T13:42:01.611Z|2024-09-11T13:42:10.700Z|2024-09-11T13:42:17.194Z,Sarah Middle,Sarah Middle,FALSE,,ce6b1756-b850-44a8-9d91-471b2305dec3
21291f40-f75d-4b2c-bc69-40c1f212bb8f,DataFile_NMS_May24_DescriptiveFieldsOnly_Sample_V1_20240904.txt,test,John Bruce Liverpool,start=4652;end=4672,4652,4672,tagging,has value,has value,,,,,,2024-09-11T13:41:03.486Z,2024-09-11T13:41:03.248Z,Sarah Middle,Sarah Middle,FALSE,,ce6b1756-b850-44a8-9d91-471b2305dec3
95e1d7a6-516b-41b6-b3c0-2e9c53d6f16f,DataFile_NMS_May24_DescriptiveFieldsOnly_Sample_V1_20240904.txt,test,"John Bruce Liverpool', c. 1880",start=4652;end=4682,4652,4682,tagging,Creation|created in,Creation,created in,,,,,2024-09-11T13:41:42.091Z|2024-09-11T13:41:44.826Z,2024-09-11T13:41:41.858Z|2024-09-11T13:41:44.638Z,Sarah Middle,Sarah Middle,FALSE,,ce6b1756-b850-44a8-9d91-471b2305dec3
d77c9998-fe3e-4e2f-afdf-d6f7add615b8,DataFile_NMS_May24_DescriptiveFieldsOnly_Sample_V1_20240904.txt,test,Liverpool,start=4663;end=4672,4663,4672,geotagging,"{""id"":""http://www.wikidata.org/entity/Q24826"",""properties"":{""title"":""Liverpool"",""description"":""city in Merseyside, England, United Kingdom""},""geometry"":{""type"":""Point"",""coordinates"":[-2.991666666,53.407222222]}}|Place|took place at","{""id"":""http://www.wikidata.org/entity/Q24826"",""properties"":{""title"":""Liverpool"",""description"":""city in Merseyside, England, United Kingdom""},""geometry"":{""type"":""Point"",""coordinates"":[-2.991666666,53.407222222]}}",Place,took place at,,,,2024-09-11T13:42:33.277Z|2024-09-11T13:42:52.553Z|2024-09-11T13:43:07.537Z,2024-09-11T13:42:33.062Z|2024-09-11T13:42:52.247Z|2024-09-11T13:43:07.275Z,Sarah Middle,Sarah Middle,FALSE,,ce6b1756-b850-44a8-9d91-471b2305dec3
785660bc-a98c-44f0-8f6b-77d1d203d393,DataFile_NMS_May24_DescriptiveFieldsOnly_Sample_V1_20240904.txt,test,c. 1880,start=4675;end=4682,4675,4682,tagging,Date|has time-span|start date|end date|1880|c.,Date,has time-span,start date,end date,1880,c.,2024-09-11T13:43:23.357Z|2024-09-11T13:43:27.213Z|2024-09-11T13:43:29.281Z|2024-09-11T13:43:31.808Z|2024-10-28T13:27:15.493Z|2024-10-28T13:27:19.281Z,2024-09-11T13:43:23.150Z|2024-09-11T13:43:26.996Z|2024-09-11T13:43:29.095Z|2024-09-11T13:43:31.611Z|2024-10-28T13:27:15.327Z|2024-10-28T13:27:18.941Z,Sarah Middle,Sarah Middle,FALSE,,ce6b1756-b850-44a8-9d91-471b2305dec3
aa4b20b6-4f68-4a1e-a2c3-371f7b456734,DataFile_NMS_May24_DescriptiveFieldsOnly_Sample_V1_20240904.txt,test,label,start=4689;end=4694,4689,4694,tagging,Inscription Type|has type|label,Inscription Type,has type,label,,,,2024-09-11T13:46:45.540Z|2024-09-11T13:46:48.463Z|2024-09-11T13:46:51.273Z,2024-09-11T13:46:45.290Z|2024-09-11T13:46:48.234Z|2024-09-11T13:46:51.016Z,Sarah Middle,Sarah Middle,FALSE,,ce6b1756-b850-44a8-9d91-471b2305dec3
457ae57c-73a0-4e61-9602-04c9b217e6e1,DataFile_NMS_May24_DescriptiveFieldsOnly_Sample_V1_20240904.txt,test,"label in its box stating that it was used by Jock Fitchie, mate when the Scotia went to South Polar regions on the Scottish National Antarctic Expedition, 1902 - 1904.",start=4689;end=4856,4689,4856,tagging,Part|has part,Part,has part,,,,,2024-09-11T13:45:07.311Z|2024-09-11T13:45:10.567Z,2024-09-11T13:45:07.094Z|2024-09-11T13:45:10.368Z,Sarah Middle,Sarah Middle,FALSE,,ce6b1756-b850-44a8-9d91-471b2305dec3
9212f374-773c-44b9-b951-9fb5e17f1f52,DataFile_NMS_May24_DescriptiveFieldsOnly_Sample_V1_20240904.txt,test,"label in its box stating that it was used by Jock Fitchie, mate when the Scotia went to South Polar regions on the Scottish National Antarctic Expedition, 1902 - 1904.",start=4689;end=4856,4689,4856,tagging,Inscription|carries,Inscription,carries,,,,,2024-09-11T13:46:29.994Z|2024-09-11T13:46:34.146Z,2024-09-11T13:46:29.743Z|2024-09-11T13:46:33.927Z,Sarah Middle,Sarah Middle,FALSE,,ce6b1756-b850-44a8-9d91-471b2305dec3
40ebdd9b-0777-4bb9-b70b-c56064a230ff,DataFile_NMS_May24_DescriptiveFieldsOnly_Sample_V1_20240904.txt,test,box,start=4702;end=4705,4702,4705,tagging,Object Type|has type|box,Object Type,has type,box,,,,2024-09-11T13:45:32.862Z|2024-09-11T13:45:36.046Z|2024-09-11T13:45:38.477Z,2024-09-11T13:45:32.656Z|2024-09-11T13:45:35.844Z|2024-09-11T13:45:38.240Z,Sarah Middle,Sarah Middle,FALSE,,ce6b1756-b850-44a8-9d91-471b2305dec3
41a85514-eb94-495f-b74b-5b3b7d82f20b,DataFile_NMS_May24_DescriptiveFieldsOnly_Sample_V1_20240904.txt,test,Using the Stars US1,start=4865;end=4884,4865,4884,tagging,Exhibition|displayed in|Using the Stars|US1,Exhibition,displayed in,Using the Stars,US1,,,2024-09-11T14:25:51.541Z|2024-09-11T14:25:54.601Z|2024-09-11T14:25:57.727Z|2024-09-11T14:26:01.096Z,2024-09-11T14:25:51.337Z|2024-09-11T14:25:54.404Z|2024-09-11T14:25:57.538Z|2024-09-11T14:26:00.888Z,Sarah Middle,Sarah Middle,FALSE,,ce6b1756-b850-44a8-9d91-471b2305dec3
0fe7a129-f465-48d6-81ac-7a2bc9de3ea6,DataFile_NMS_May24_DescriptiveFieldsOnly_Sample_V1_20240904.txt,test,"used by Jock Fitchie, mate when the Scotia went to South Polar regions on the Scottish National Antarctic Expedition 1902-1904.",start=4947;end=5074,4947,5074,tagging,Usage|used in,Usage,used in,,,,,2024-09-11T14:19:15.767Z|2024-09-11T14:19:19.790Z,2024-09-11T14:19:15.336Z|2024-09-11T14:19:19.390Z,Sarah Middle,Sarah Middle,FALSE,,ce6b1756-b850-44a8-9d91-471b2305dec3
8a2e000d-7aa1-4061-bc1f-a78aab9e24fd,DataFile_NMS_May24_DescriptiveFieldsOnly_Sample_V1_20240904.txt,test,Jock Fitchie,start=4955;end=4967,4955,4967,tagging,Person|had user|Jock Fitchie,Person,had user,Jock Fitchie,,,,2024-09-11T14:23:42.228Z|2024-09-11T14:23:55.422Z|2024-09-11T14:24:01.227Z,2024-09-11T14:23:41.910Z|2024-09-11T14:23:55.186Z|2024-09-11T14:24:00.846Z,Sarah Middle,Sarah Middle,FALSE,,ce6b1756-b850-44a8-9d91-471b2305dec3
de72b08d-4b2d-4f15-a7c2-c3bb82756a9e,DataFile_NMS_May24_DescriptiveFieldsOnly_Sample_V1_20240904.txt,test,when the Scotia went to South Polar regions on the Scottish National Antarctic Expedition 1902-1904.,start=4974;end=5074,4974,5074,tagging,Expedition|associated event|Scottish National Antarctic Expedition 1902-1904,Expedition,associated event,Scottish National Antarctic Expedition 1902-1904,,,,2024-09-11T14:29:53.078Z|2024-09-11T14:29:57.947Z|2024-09-11T14:30:13.081Z,2024-09-11T14:29:52.758Z|2024-09-11T14:29:57.502Z|2024-09-11T14:30:12.603Z,Sarah Middle,Sarah Middle,FALSE,,ce6b1756-b850-44a8-9d91-471b2305dec3
bbbbc052-3cb8-4f97-bd00-9b432e20d420,DataFile_NMS_May24_DescriptiveFieldsOnly_Sample_V1_20240904.txt,test,Scotia,start=4983;end=4989,4983,4989,tagging,Ship|used transport|Scotia,Ship,used transport,Scotia,,,,2024-09-11T14:34:21.210Z|2024-09-11T14:34:24.887Z|2024-09-11T14:34:27.776Z,2024-09-11T14:34:20.798Z|2024-09-11T14:34:24.488Z|2024-09-11T14:34:27.459Z,Sarah Middle,Sarah Middle,FALSE,,ce6b1756-b850-44a8-9d91-471b2305dec3
6adc3183-8345-445d-af8f-ef59c944116a,DataFile_NMS_May24_DescriptiveFieldsOnly_Sample_V1_20240904.txt,test,South Polar regions,start=4998;end=5017,4998,5017,geotagging,"{""id"":""http://www.wikidata.org/entity/Q51"",""properties"":{""title"":""Antarctica"",""description"":""polar continent""},""geometry"":{""type"":""Point"",""coordinates"":[0,-90]}}|Place|took place at","{""id"":""http://www.wikidata.org/entity/Q51"",""properties"":{""title"":""Antarctica"",""description"":""polar continent""},""geometry"":{""type"":""Point"",""coordinates"":[0,-90]}}",Place,took place at,,,,2024-09-11T14:31:31.836Z|2024-09-11T14:32:09.894Z|2024-09-11T14:32:13.463Z,2024-09-11T14:31:31.357Z|2024-09-11T14:32:09.377Z|2024-09-11T14:32:13.088Z,Sarah Middle,Sarah Middle,FALSE,,ce6b1756-b850-44a8-9d91-471b2305dec3
540c1b12-e460-4d3f-9d6c-e914d7bad79c,DataFile_NMS_May24_DescriptiveFieldsOnly_Sample_V1_20240904.txt,test,1902,start=5064;end=5068,5064,5068,tagging,Date|has time-span|start date|1902,Date,has time-span,start date,1902,,,2024-09-11T14:32:31.296Z|2024-09-11T14:32:34.602Z|2024-09-11T14:32:36.785Z|2024-09-11T14:32:40.059Z,2024-09-11T14:32:30.818Z|2024-09-11T14:32:34.083Z|2024-09-11T14:32:36.395Z|2024-09-11T14:32:39.563Z,Sarah Middle,Sarah Middle,FALSE,,ce6b1756-b850-44a8-9d91-471b2305dec3
6b1198c0-68f0-4d96-9605-d6b1bdb04e2a,DataFile_NMS_May24_DescriptiveFieldsOnly_Sample_V1_20240904.txt,test,1904,start=5069;end=5073,5069,5073,tagging,Date|has time-span|end date|1904,Date,has time-span,end date,1904,,,2024-09-11T14:32:51.778Z|2024-09-11T14:32:56.341Z|2024-09-11T14:32:58.812Z|2024-09-11T14:33:02.032Z,2024-09-11T14:32:51.409Z|2024-09-11T14:32:56.057Z|2024-09-11T14:32:58.525Z|2024-09-11T14:33:01.820Z,Sarah Middle,Sarah Middle,FALSE,,ce6b1756-b850-44a8-9d91-471b2305dec3
58cc6da7-3579-4db9-aa49-ba2809fee911,DataFile_NMS_May24_DescriptiveFieldsOnly_Sample_V1_20240904.txt,test,Brass,start=5338;end=5343,5338,5343,tagging,Material|consists of|brass,Material,consists of,brass,,,,2024-09-11T14:34:59.657Z|2024-09-11T14:35:03.021Z|2024-09-11T14:35:05.200Z,2024-09-11T14:34:59.318Z|2024-09-11T14:35:02.707Z|2024-09-11T14:35:04.989Z,Sarah Middle,Sarah Middle,FALSE,,ce6b1756-b850-44a8-9d91-471b2305dec3
465ff417-f12e-4da4-a551-e1462c954934,DataFile_NMS_May24_DescriptiveFieldsOnly_Sample_V1_20240904.txt,test,glass,start=5345;end=5350,5345,5350,tagging,Material|consists of|glass,Material,consists of,glass,,,,2024-09-11T14:36:37.749Z|2024-09-11T14:36:40.045Z|2024-09-11T14:36:42.832Z,2024-09-11T14:36:37.240Z|2024-09-11T14:36:39.642Z|2024-09-11T14:36:42.504Z,Sarah Middle,Sarah Middle,FALSE,,ce6b1756-b850-44a8-9d91-471b2305dec3
e29497dd-834d-452e-9448-d11f98dadc45,DataFile_NMS_May24_DescriptiveFieldsOnly_Sample_V1_20240904.txt,test,glass optics,start=5345;end=5357,5345,5357,tagging,Part|has part,Part,has part,,,,,2024-09-11T14:36:23.823Z|2024-09-11T14:36:27.777Z,2024-09-11T14:36:23.512Z|2024-09-11T14:36:27.506Z,Sarah Middle,Sarah Middle,FALSE,,ce6b1756-b850-44a8-9d91-471b2305dec3
053b9489-a326-4ece-bb8c-2dbd1f43d4ab,DataFile_NMS_May24_DescriptiveFieldsOnly_Sample_V1_20240904.txt,test,optics,start=5351;end=5357,5351,5357,tagging,Object Type|has type|optic,Object Type,has type,optic,,,,2024-09-11T14:36:54.242Z|2024-09-11T14:36:57.026Z|2024-09-11T14:36:59.239Z,2024-09-11T14:36:53.762Z|2024-09-11T14:36:56.691Z|2024-09-11T14:36:58.994Z,Sarah Middle,Sarah Middle,FALSE,,ce6b1756-b850-44a8-9d91-471b2305dec3
aca49176-e36c-4724-bc3a-c1498e1a9a3b,DataFile_NMS_May24_DescriptiveFieldsOnly_Sample_V1_20240904.txt,test,silver,start=5359;end=5365,5359,5365,tagging,Material|consists of|silver,Material,consists of,silver,,,,2024-09-11T14:37:21.941Z|2024-09-11T14:37:24.672Z|2024-09-11T14:37:27.093Z,2024-09-11T14:37:21.611Z|2024-09-11T14:37:24.317Z|2024-09-11T14:37:26.827Z,Sarah Middle,Sarah Middle,FALSE,,ce6b1756-b850-44a8-9d91-471b2305dec3
8bc16ac4-7735-40f5-8e8b-295431b857ac,DataFile_NMS_May24_DescriptiveFieldsOnly_Sample_V1_20240904.txt,test,silver scale,start=5359;end=5371,5359,5371,tagging,Part|has part,Part,has part,,,,,2024-09-11T14:37:07.794Z|2024-09-11T14:37:11.179Z,2024-09-11T14:37:07.324Z|2024-09-11T14:37:10.856Z,Sarah Middle,Sarah Middle,FALSE,,ce6b1756-b850-44a8-9d91-471b2305dec3
83f7492f-430d-465c-9359-f231c272ec2b,DataFile_NMS_May24_DescriptiveFieldsOnly_Sample_V1_20240904.txt,test,scale,start=5366;end=5371,5366,5371,tagging,Object Type|has type|scale,Object Type,has type,scale,,,,2024-09-11T14:37:37.064Z|2024-09-11T14:37:40.900Z|2024-09-11T14:37:44.785Z,2024-09-11T14:37:36.743Z|2024-09-11T14:37:40.612Z|2024-09-11T14:37:44.331Z,Sarah Middle,Sarah Middle,FALSE,,ce6b1756-b850-44a8-9d91-471b2305dec3
3d2a4d3f-b3c3-4bc5-ada7-a16647c6f6a0,DataFile_NMS_May24_DescriptiveFieldsOnly_Sample_V1_20240904.txt,test,wooden,start=5373;end=5379,5373,5379,tagging,Material|consists of|wood,Material,consists of,wood,,,,2024-09-11T14:38:08.746Z|2024-09-11T14:38:11.587Z|2024-09-11T14:38:14.551Z,2024-09-11T14:38:08.523Z|2024-09-11T14:38:11.373Z|2024-09-11T14:38:14.326Z,Sarah Middle,Sarah Middle,FALSE,,ce6b1756-b850-44a8-9d91-471b2305dec3
ed965aa8-9df6-4a14-a269-b2beeda44319,DataFile_NMS_May24_DescriptiveFieldsOnly_Sample_V1_20240904.txt,test,wooden handle,start=5373;end=5386,5373,5386,tagging,Part|has part,Part,has part,,,,,2024-09-11T14:37:57.335Z|2024-09-11T14:38:00.315Z,2024-09-11T14:37:57.025Z|2024-09-11T14:38:00.106Z,Sarah Middle,Sarah Middle,FALSE,,ce6b1756-b850-44a8-9d91-471b2305dec3
6de89038-678c-454a-b2be-f20c028994aa,DataFile_NMS_May24_DescriptiveFieldsOnly_Sample_V1_20240904.txt,test,handle,start=5380;end=5386,5380,5386,tagging,Object Type|has type|handle,Object Type,has type,handle,,,,2024-09-11T14:38:22.334Z|2024-09-11T14:38:25.824Z|2024-09-11T14:38:32.036Z,2024-09-11T14:38:22.091Z|2024-09-11T14:38:25.624Z|2024-09-11T14:38:31.717Z,Sarah Middle,Sarah Middle,FALSE,,ce6b1756-b850-44a8-9d91-471b2305dec3
51afa564-a840-4f0a-9909-2a32946d99e2,DataFile_NMS_May24_DescriptiveFieldsOnly_Sample_V1_20240904.txt,test,wooden,start=5389;end=5395,5389,5395,tagging,Material|consists of|wood,Material,consists of,wood,,,,2024-09-11T14:38:56.356Z|2024-09-11T14:38:58.275Z|2024-09-11T14:39:01.081Z,2024-09-11T14:38:55.957Z|2024-09-11T14:38:58.057Z|2024-09-11T14:39:00.807Z,Sarah Middle,Sarah Middle,FALSE,,ce6b1756-b850-44a8-9d91-471b2305dec3
17648bd7-8b5d-438d-b791-c314573ca565,DataFile_NMS_May24_DescriptiveFieldsOnly_Sample_V1_20240904.txt,test,wooden box,start=5389;end=5399,5389,5399,tagging,Part|has part,Part,has part,,,,,2024-09-11T14:38:42.735Z|2024-09-11T14:38:46.503Z,2024-09-11T14:38:42.517Z|2024-09-11T14:38:46.291Z,Sarah Middle,Sarah Middle,FALSE,,ce6b1756-b850-44a8-9d91-471b2305dec3
d04c8702-236c-4e46-948b-495a42d55608,DataFile_NMS_May24_DescriptiveFieldsOnly_Sample_V1_20240904.txt,test,box,start=5396;end=5399,5396,5399,tagging,Object Type|has type|box,Object Type,has type,box,,,,2024-09-11T14:39:08.385Z|2024-09-11T14:39:12.230Z|2024-09-11T14:39:16.790Z,2024-09-11T14:39:08.156Z|2024-09-11T14:39:11.841Z|2024-09-11T14:39:16.407Z,Sarah Middle,Sarah Middle,FALSE,,ce6b1756-b850-44a8-9d91-471b2305dec3
38c828ab-9a1f-4271-840a-9c4b16662f71,DataFile_NMS_May24_DescriptiveFieldsOnly_Sample_V1_20240904.txt,test,Surveyor's wooden compass,start=5414;end=5439,5414,5439,tagging,"Object Type|has type|compass, surveyor's",Object Type,has type,"compass, surveyor's",,,,2024-09-16T09:28:28.818Z|2024-09-16T09:28:48.654Z|2024-09-16T09:28:53.786Z,2024-09-16T09:28:28.258Z|2024-09-16T09:28:48.220Z|2024-09-16T09:28:53.316Z,Sarah Middle,Sarah Middle,FALSE,,8008132e-1d8a-456f-b60b-bd5b054b506c
884a9657-21cd-4547-9149-a9f0a0ea81d9,DataFile_NMS_May24_DescriptiveFieldsOnly_Sample_V1_20240904.txt,test,wooden,start=5425;end=5431,5425,5431,tagging,Material|consists of|wood,Material,consists of,wood,,,,2024-09-16T09:31:46.498Z|2024-09-16T09:31:49.873Z|2024-09-16T09:31:52.135Z,2024-09-16T09:31:46.265Z|2024-09-16T09:31:49.565Z|2024-09-16T09:31:51.950Z,Sarah Middle,Sarah Middle,FALSE,,8008132e-1d8a-456f-b60b-bd5b054b506c
6216e6aa-ffd0-4795-9b48-c32998b7d6fb,DataFile_NMS_May24_DescriptiveFieldsOnly_Sample_V1_20240904.txt,test,"by Samuel Thaxter, Boston, c. 1800",start=5440;end=5474,5440,5474,tagging,Creation|created in,Creation,created in,,,,,2024-09-16T09:29:41.589Z|2024-09-16T09:29:44.450Z,2024-09-16T09:29:41.231Z|2024-09-16T09:29:44.100Z,Sarah Middle,Sarah Middle,FALSE,,8008132e-1d8a-456f-b60b-bd5b054b506c
764c4f42-3acf-4c80-8aea-057b7a0412d6,DataFile_NMS_May24_DescriptiveFieldsOnly_Sample_V1_20240904.txt,test,Samuel Thaxter,start=5443;end=5457,5443,5457,tagging,Person|created by|Samuel Thaxter,Person,created by,Samuel Thaxter,,,,2024-09-16T09:30:09.255Z|2024-09-16T09:30:19.992Z|2024-09-16T09:30:30.781Z,2024-09-16T09:30:09.053Z|2024-09-16T09:30:19.769Z|2024-09-16T09:30:30.412Z,Sarah Middle,Sarah Middle,FALSE,,8008132e-1d8a-456f-b60b-bd5b054b506c
0a37f4db-664a-4c85-86e7-eaafc05abc98,DataFile_NMS_May24_DescriptiveFieldsOnly_Sample_V1_20240904.txt,test,Boston,start=5459;end=5465,5459,5465,geotagging,"{""id"":""http://www.wikidata.org/entity/Q100"",""properties"":{""title"":""Boston"",""description"":""capital and largest city of Massachusetts, United States""},""geometry"":{""type"":""Point"",""coordinates"":[-71.057777777,42.360277777]}}|Place|took place at","{""id"":""http://www.wikidata.org/entity/Q100"",""properties"":{""title"":""Boston"",""description"":""capital and largest city of Massachusetts, United States""},""geometry"":{""type"":""Point"",""coordinates"":[-71.057777777,42.360277777]}}",Place,took place at,,,,2024-09-16T09:30:57.485Z|2024-09-16T09:31:14.497Z|2024-09-16T09:31:17.927Z,2024-09-16T09:30:57.233Z|2024-09-16T09:31:14.237Z|2024-09-16T09:31:17.722Z,Sarah Middle,Sarah Middle,FALSE,,8008132e-1d8a-456f-b60b-bd5b054b506c
7ec42a79-7188-4772-afbb-492ad30c512d,DataFile_NMS_May24_DescriptiveFieldsOnly_Sample_V1_20240904.txt,test,c. 1800,start=5467;end=5474,5467,5474,tagging,Date|has time-span|start date|end date|1800|c.,Date,has time-span,start date,end date,1800,c.,2024-09-16T09:33:51.423Z|2024-09-16T09:33:58.156Z|2024-09-16T09:34:07.155Z|2024-09-16T09:34:09.268Z|2024-09-16T09:34:12.710Z|2024-09-16T09:34:14.823Z,2024-09-16T09:33:51.219Z|2024-09-16T09:33:57.600Z|2024-09-16T09:34:06.686Z|2024-09-16T09:34:08.916Z|2024-09-16T09:34:12.413Z|2024-09-16T09:34:14.573Z,Sarah Middle,Sarah Middle,FALSE,,8008132e-1d8a-456f-b60b-bd5b054b506c
758c450b-a872-411d-9206-9e66ecccb996,DataFile_NMS_May24_DescriptiveFieldsOnly_Sample_V1_20240904.txt,test,compass rose,start=6896;end=6908,6896,6908,tagging,Part|has part,Part,has part,,,,,2024-09-16T09:35:23.593Z|2024-09-16T09:35:27.501Z,2024-09-16T09:35:23.131Z|2024-09-16T09:35:27.218Z,Sarah Middle,Sarah Middle,FALSE,,8008132e-1d8a-456f-b60b-bd5b054b506c
1571ad16-59ff-441e-bf43-d7458bbbe7a7,DataFile_NMS_May24_DescriptiveFieldsOnly_Sample_V1_20240904.txt,test,compass rose,start=6896;end=6908,6896,6908,tagging,Object Type|has type|compass rose,Object Type,has type,compass rose,,,,2024-09-16T09:35:44.268Z|2024-09-16T09:35:47.350Z|2024-09-16T09:35:50.935Z,2024-09-16T09:35:43.904Z|2024-09-16T09:35:47.001Z|2024-09-16T09:35:50.715Z,Sarah Middle,Sarah Middle,FALSE,,8008132e-1d8a-456f-b60b-bd5b054b506c
98000c12-fa93-4b42-8161-77abe6a0c03b,DataFile_NMS_May24_DescriptiveFieldsOnly_Sample_V1_20240904.txt,test,"compass rose is printed 'THAXTER/ MAKER/ head of the Long Wharf/ State Street/ BOSTON',",start=6896;end=6983,6896,6983,tagging,Inscription|carries,Inscription,carries,,,,,2024-09-16T09:36:19.537Z|2024-09-16T09:36:22.578Z,2024-09-16T09:36:19.068Z|2024-09-16T09:36:22.233Z,Sarah Middle,Sarah Middle,FALSE,,8008132e-1d8a-456f-b60b-bd5b054b506c
2fb89955-7096-4d7e-83ff-3f14833afec1,DataFile_NMS_May24_DescriptiveFieldsOnly_Sample_V1_20240904.txt,test,printed,start=6912;end=6919,6912,6919,tagging,Inscription Type|has type|print,Inscription Type,has type,print,,,,2024-09-16T09:36:57.629Z|2024-09-16T09:37:00.635Z|2024-09-16T09:37:06.740Z,2024-09-16T09:36:57.167Z|2024-09-16T09:37:00.444Z|2024-09-16T09:37:06.535Z,Sarah Middle,Sarah Middle,FALSE,,8008132e-1d8a-456f-b60b-bd5b054b506c
20453842-34b5-4208-8fe5-d6f18b32b0e0,DataFile_NMS_May24_DescriptiveFieldsOnly_Sample_V1_20240904.txt,test,THAXTER/ MAKER/ head of the Long Wharf/ State Street/ BOSTON,start=6921;end=6981,6921,6981,tagging,has value,has value,,,,,,2024-09-16T09:36:36.720Z,2024-09-16T09:36:36.502Z,Sarah Middle,Sarah Middle,FALSE,,8008132e-1d8a-456f-b60b-bd5b054b506c
943adbc3-4f71-4f60-bb69-a8624a167740,DataFile_NMS_May24_DescriptiveFieldsOnly_Sample_V1_20240904.txt,test,wooden,start=7003;end=7009,7003,7009,tagging,Material|consists of|wood,Material,consists of,wood,,,,2024-09-16T09:37:57.755Z|2024-09-16T09:38:00.520Z|2024-09-16T09:38:02.515Z,2024-09-16T09:37:57.329Z|2024-09-16T09:38:00.251Z|2024-09-16T09:38:02.306Z,Sarah Middle,Sarah Middle,FALSE,,8008132e-1d8a-456f-b60b-bd5b054b506c
6d816b46-6ed5-47f6-9b4a-3d11a001412c,DataFile_NMS_May24_DescriptiveFieldsOnly_Sample_V1_20240904.txt,test,wooden cover,start=7003;end=7015,7003,7015,tagging,Part|has part,Part,has part,,,,,2024-09-16T09:37:19.944Z|2024-09-16T09:37:23.157Z,2024-09-16T09:37:19.735Z|2024-09-16T09:37:22.954Z,Sarah Middle,Sarah Middle,FALSE,,8008132e-1d8a-456f-b60b-bd5b054b506c
b9ad381b-460f-4274-86bb-835b450fbabb,DataFile_NMS_May24_DescriptiveFieldsOnly_Sample_V1_20240904.txt,test,cover,start=7010;end=7015,7010,7015,tagging,Object Type|has type|compass cover,Object Type,has type,compass cover,,,,2024-09-16T09:37:41.173Z|2024-09-16T09:37:43.837Z|2024-09-16T09:37:47.289Z,2024-09-16T09:37:40.938Z|2024-09-16T09:37:43.569Z|2024-09-16T09:37:47.081Z,Sarah Middle,Sarah Middle,FALSE,,8008132e-1d8a-456f-b60b-bd5b054b506c
3872db5a-ac53-46ef-b1f6-64b02c2d60b1,DataFile_NMS_May24_DescriptiveFieldsOnly_Sample_V1_20240904.txt,test,glass,start=7284;end=7289,7284,7289,tagging,Material|consists of|glass,Material,consists of,glass,,,,2024-09-16T09:38:22.159Z|2024-09-16T09:38:25.498Z|2024-09-16T09:38:29.739Z,2024-09-16T09:38:21.954Z|2024-09-16T09:38:25.295Z|2024-09-16T09:38:29.541Z,Sarah Middle,Sarah Middle,FALSE,,8008132e-1d8a-456f-b60b-bd5b054b506c
4c573d2a-42c4-42b5-8ee4-6ad2ec7e16b2,DataFile_NMS_May24_DescriptiveFieldsOnly_Sample_V1_20240904.txt,test,steel,start=7291;end=7296,7291,7296,tagging,Material|consists of|steel,Material,consists of,steel,,,,2024-09-16T09:38:57.058Z|2024-09-16T09:38:59.908Z|2024-09-16T09:39:04.259Z,2024-09-16T09:38:56.802Z|2024-09-16T09:38:59.702Z|2024-09-16T09:39:03.989Z,Sarah Middle,Sarah Middle,FALSE,,8008132e-1d8a-456f-b60b-bd5b054b506c
949c8d44-cba4-4faf-8480-fccd7a1ae9d8,DataFile_NMS_May24_DescriptiveFieldsOnly_Sample_V1_20240904.txt,test,Manuscript,start=7774;end=7784,7774,7784,tagging,Object Type|has type|manuscript,Object Type,has type,manuscript,,,,2024-09-18T14:35:16.021Z|2024-09-18T14:35:18.983Z|2024-09-18T14:35:22.444Z,2024-09-18T14:35:15.836Z|2024-09-18T14:35:18.820Z|2024-09-18T14:35:22.103Z,Sarah Middle,Sarah Middle,FALSE,,a47afc78-c01e-4b80-a8a6-af7e6043e215
25f69559-1cf8-4e46-9827-03394e675e25,DataFile_NMS_May24_DescriptiveFieldsOnly_Sample_V1_20240904.txt,test,"by Thomas Finlay of Pittenweem, begun in 1819",start=7818;end=7863,7818,7863,tagging,Creation|created in,Creation,created in,,,,,2024-09-18T14:35:49.690Z|2024-09-18T14:35:51.944Z,2024-09-18T14:35:49.472Z|2024-09-18T14:35:51.720Z,Sarah Middle,Sarah Middle,FALSE,,a47afc78-c01e-4b80-a8a6-af7e6043e215
41657e63-21a7-4911-9155-2a5be0d9744f,DataFile_NMS_May24_DescriptiveFieldsOnly_Sample_V1_20240904.txt,test,Thomas Finlay,start=7821;end=7834,7821,7834,tagging,Person|created by,Person,created by,,,,,2024-09-18T14:36:09.408Z|2024-09-18T14:36:11.970Z,2024-09-18T14:36:09.189Z|2024-09-18T14:36:11.638Z,Sarah Middle,Sarah Middle,FALSE,,a47afc78-c01e-4b80-a8a6-af7e6043e215
21801ee1-eb6c-4cf8-9b75-afdd052f8e5d,DataFile_NMS_May24_DescriptiveFieldsOnly_Sample_V1_20240904.txt,test,Pittenweem,start=7838;end=7848,7838,7848,geotagging,"{""id"":""http://www.wikidata.org/entity/Q1011685"",""properties"":{""title"":""Pittenweem"",""description"":""village in Fife, Scotland, UK""},""geometry"":{""type"":""Point"",""coordinates"":[-2.728611111,56.213055555]}}|Place|took place at","{""id"":""http://www.wikidata.org/entity/Q1011685"",""properties"":{""title"":""Pittenweem"",""description"":""village in Fife, Scotland, UK""},""geometry"":{""type"":""Point"",""coordinates"":[-2.728611111,56.213055555]}}",Place,took place at,,,,2024-09-18T14:36:31.147Z|2024-09-18T14:36:46.619Z|2024-09-18T14:36:52.742Z,2024-09-18T14:36:30.938Z|2024-09-18T14:36:46.410Z|2024-09-18T14:36:52.547Z,Sarah Middle,Sarah Middle,FALSE,,a47afc78-c01e-4b80-a8a6-af7e6043e215
673b1545-14bf-4400-ad9c-9d378e8c19bd,DataFile_NMS_May24_DescriptiveFieldsOnly_Sample_V1_20240904.txt,test,1819,start=7859;end=7863,7859,7863,tagging,Date|has time-span|start date|1819,Date,has time-span,start date,1819,,,2024-09-18T14:37:02.382Z|2024-09-18T14:37:06.248Z|2024-09-18T14:37:08.840Z|2024-09-18T14:37:23.840Z,2024-09-18T14:37:02.156Z|2024-09-18T14:37:06.084Z|2024-09-18T14:37:08.654Z|2024-09-18T14:37:23.632Z,Sarah Middle,Sarah Middle,FALSE,,a47afc78-c01e-4b80-a8a6-af7e6043e215
24d7517b-fe9b-4c53-bc31-5ba9a0317ac8,DataFile_NMS_May24_DescriptiveFieldsOnly_Sample_V1_20240904.txt,test,Mariner's magnetic compass,start=7931;end=7957,7931,7957,tagging,"Object Type|has type|compass, mariner's|compass, magnetic",Object Type,has type,"compass, mariner's","compass, magnetic",,,2024-10-02T15:51:27.973Z|2024-10-02T15:51:31.096Z|2024-10-02T15:51:39.936Z|2024-10-02T15:51:45.052Z,2024-10-02T15:51:27.578Z|2024-10-02T15:51:30.877Z|2024-10-02T15:51:39.725Z|2024-10-02T15:51:44.676Z,Sarah Middle,Sarah Middle,FALSE,,c05ca9dd-4fd2-413a-82cf-a90b80c6ba89
3e665d47-cbd1-4e00-9438-5dd3669123ee,DataFile_NMS_May24_DescriptiveFieldsOnly_Sample_V1_20240904.txt,test,wood,start=7961;end=7965,7961,7965,tagging,Material|consists of|wood,Material,consists of,wood,,,,2024-10-02T15:53:01.897Z|2024-10-02T15:53:05.079Z|2024-10-02T15:53:08.524Z,2024-10-02T15:53:01.394Z|2024-10-02T15:53:04.910Z|2024-10-02T15:53:08.146Z,Sarah Middle,Sarah Middle,FALSE,,c05ca9dd-4fd2-413a-82cf-a90b80c6ba89
42500d68-78f2-4476-a676-5585075297e3,DataFile_NMS_May24_DescriptiveFieldsOnly_Sample_V1_20240904.txt,test,needle,start=7967;end=7973,7967,7973,tagging,"Object Type|has type|needle, compass",Object Type,has type,"needle, compass",,,,2024-10-02T15:54:21.409Z|2024-10-02T15:54:24.678Z|2024-10-02T15:54:30.548Z,2024-10-02T15:54:21.212Z|2024-10-02T15:54:24.305Z|2024-10-02T15:54:30.184Z,Sarah Middle,Sarah Middle,FALSE,,c05ca9dd-4fd2-413a-82cf-a90b80c6ba89
42a5148b-b8ad-41b2-88cd-5d3141364508,DataFile_NMS_May24_DescriptiveFieldsOnly_Sample_V1_20240904.txt,test,needle wanting,start=7967;end=7981,7967,7981,tagging,Part|has part|missing,Part,has part,missing,,,,2024-10-02T15:53:56.397Z|2024-10-02T15:54:00.256Z|2024-10-02T15:54:10.900Z,2024-10-02T15:53:56.196Z|2024-10-02T15:54:00.028Z|2024-10-02T15:54:10.678Z,Sarah Middle,Sarah Middle,FALSE,,c05ca9dd-4fd2-413a-82cf-a90b80c6ba89
2b728cce-eb36-42f1-9e33-f6167a106ce0,DataFile_NMS_May24_DescriptiveFieldsOnly_Sample_V1_20240904.txt,test,"taken at Zhoushan Island, China in 1840, during First Opium War",start=7983;end=8046,7983,8046,tagging,Acquisition|acquired in,Acquisition,acquired in,,,,,2024-10-02T15:55:16.914Z|2024-10-02T15:55:25.173Z,2024-10-02T15:55:16.670Z|2024-10-02T15:55:24.953Z,Sarah Middle,Sarah Middle,FALSE,,c05ca9dd-4fd2-413a-82cf-a90b80c6ba89
fa0f5fea-d541-43ba-b68c-abad5408259c,DataFile_NMS_May24_DescriptiveFieldsOnly_Sample_V1_20240904.txt,test,Zhoushan Island,start=7992;end=8007,7992,8007,geotagging,"{""id"":""http://www.wikidata.org/entity/Q1774076"",""properties"":{""title"":""Zhoushan Island"",""description"":""island in People's Republic of China""},""geometry"":{""type"":""Point"",""coordinates"":[122.138055555,30.057777777]}}|Place|took place at","{""id"":""http://www.wikidata.org/entity/Q1774076"",""properties"":{""title"":""Zhoushan Island"",""description"":""island in People's Republic of China""},""geometry"":{""type"":""Point"",""coordinates"":[122.138055555,30.057777777]}}",Place,took place at,,,,2024-10-02T15:56:00.703Z|2024-10-02T15:56:10.512Z|2024-10-02T15:56:19.147Z,2024-10-02T15:56:00.445Z|2024-10-02T15:56:10.267Z|2024-10-02T15:56:18.908Z,Sarah Middle,Sarah Middle,FALSE,,c05ca9dd-4fd2-413a-82cf-a90b80c6ba89
b083bab6-6fad-4689-9620-670fd4be157c,DataFile_NMS_May24_DescriptiveFieldsOnly_Sample_V1_20240904.txt,test,1840,start=8018;end=8022,8018,8022,tagging,Date|has time-span|start date|end date|1840,Date,has time-span,start date,end date,1840,,2024-10-02T15:56:53.379Z|2024-10-02T15:56:56.790Z|2024-10-02T15:57:04.890Z|2024-10-02T15:57:07.486Z|2024-10-02T15:57:21.549Z,2024-10-02T15:56:53.150Z|2024-10-02T15:56:56.597Z|2024-10-02T15:57:04.672Z|2024-10-02T15:57:07.297Z|2024-10-02T15:57:21.345Z,Sarah Middle,Sarah Middle,FALSE,,c05ca9dd-4fd2-413a-82cf-a90b80c6ba89
bf1fe661-86a9-48b2-bd57-bce57f36a3b1,DataFile_NMS_May24_DescriptiveFieldsOnly_Sample_V1_20240904.txt,test,First Opium War,start=8031;end=8046,8031,8046,tagging,associated event|war,associated event,war,,,,,2024-10-02T15:57:45.487Z|2024-10-02T15:57:47.630Z,2024-10-02T15:57:45.296Z|2024-10-02T15:57:47.456Z,Sarah Middle,Sarah Middle,FALSE,,c05ca9dd-4fd2-413a-82cf-a90b80c6ba89
4760307a-9798-406a-9f07-6445b96d9511,DataFile_NMS_May24_DescriptiveFieldsOnly_Sample_V1_20240904.txt,test,glass,start=8499;end=8504,8499,8504,tagging,Material|consists of|glass,Material,consists of,glass,,,,2024-10-02T15:58:31.730Z|2024-10-02T15:58:35.658Z|2024-10-02T15:58:39.730Z,2024-10-02T15:58:31.515Z|2024-10-02T15:58:35.464Z|2024-10-02T15:58:39.380Z,Sarah Middle,Sarah Middle,FALSE,,c05ca9dd-4fd2-413a-82cf-a90b80c6ba89
7edc3179-7a0b-4f22-89ed-d9300e378910,DataFile_NMS_May24_DescriptiveFieldsOnly_Sample_V1_20240904.txt,test,24 Chinese compass points surrounding the bearing pan,start=8531;end=8584,8531,8584,tagging,Inscription|carries,Inscription,carries,,,,,2024-10-02T15:59:06.627Z|2024-10-02T15:59:10.402Z,2024-10-02T15:59:06.398Z|2024-10-02T15:59:10.235Z,Sarah Middle,Sarah Middle,FALSE,,c05ca9dd-4fd2-413a-82cf-a90b80c6ba89
03da820a-3161-4021-8ea9-ced1768c1907,DataFile_NMS_May24_DescriptiveFieldsOnly_Sample_V1_20240904.txt,test,bearing pan,start=8573;end=8584,8573,8584,tagging,Part|has part,Part,has part,,,,,2024-10-02T15:59:21.991Z|2024-10-02T15:59:25.769Z,2024-10-02T15:59:21.749Z|2024-10-02T15:59:25.565Z,Sarah Middle,Sarah Middle,FALSE,,c05ca9dd-4fd2-413a-82cf-a90b80c6ba89
a4ff9ec8-701c-48ca-b138-8c6385a8ae03,DataFile_NMS_May24_DescriptiveFieldsOnly_Sample_V1_20240904.txt,test,bearing pan,start=8573;end=8584,8573,8584,tagging,Object Type|has type|bearing pan,Object Type,has type,bearing pan,,,,2024-10-02T15:59:34.488Z|2024-10-02T15:59:37.928Z|2024-10-02T15:59:50.595Z,2024-10-02T15:59:34.265Z|2024-10-02T15:59:37.747Z|2024-10-02T15:59:50.178Z,Sarah Middle,Sarah Middle,FALSE,,c05ca9dd-4fd2-413a-82cf-a90b80c6ba89
962cef4b-8b4b-472d-bdab-22abe43dd57a,DataFile_NMS_May24_DescriptiveFieldsOnly_Sample_V1_20240904.txt,test,brass,start=8800;end=8805,8800,8805,tagging,Material|consists of|brass,Material,consists of,brass,,,,2024-10-02T16:00:10.653Z|2024-10-02T16:00:14.135Z|2024-10-02T16:00:16.793Z,2024-10-02T16:00:09.841Z|2024-10-02T16:00:13.888Z|2024-10-02T16:00:16.403Z,Sarah Middle,Sarah Middle,FALSE,,c05ca9dd-4fd2-413a-82cf-a90b80c6ba89
62c2bdcb-b188-4034-9758-f4b9128de990,DataFile_NMS_May24_DescriptiveFieldsOnly_Sample_V1_20240904.txt,test,iron,start=8807;end=8811,8807,8811,tagging,Material|consists of|iron,Material,consists of,iron,,,,2024-10-02T16:01:03.764Z|2024-10-02T16:01:06.914Z|2024-10-02T16:01:09.448Z,2024-10-02T16:01:03.550Z|2024-10-02T16:01:06.732Z|2024-10-02T16:01:09.223Z,Sarah Middle,Sarah Middle,FALSE,,c05ca9dd-4fd2-413a-82cf-a90b80c6ba89
5b05c11b-290a-4c2c-a8dd-143804df755d,DataFile_NMS_May24_DescriptiveFieldsOnly_Sample_V1_20240904.txt,test,iron needle,start=8807;end=8818,8807,8818,tagging,Part|has part,Part,has part,,,,,2024-10-02T16:00:33.255Z|2024-10-02T16:00:35.465Z,2024-10-02T16:00:32.372Z|2024-10-02T16:00:35.264Z,Sarah Middle,Sarah Middle,FALSE,,c05ca9dd-4fd2-413a-82cf-a90b80c6ba89
b1bdc79c-28a1-48c7-a2e6-0f8c09a04a1f,DataFile_NMS_May24_DescriptiveFieldsOnly_Sample_V1_20240904.txt,test,needle,start=8812;end=8818,8812,8818,tagging,"Object Type|has type|needle, compass",Object Type,has type,"needle, compass",,,,2024-10-02T16:00:46.656Z|2024-10-02T16:00:49.587Z|2024-10-02T16:00:52.802Z,2024-10-02T16:00:46.433Z|2024-10-02T16:00:49.416Z|2024-10-02T16:00:52.599Z,Sarah Middle,Sarah Middle,FALSE,,c05ca9dd-4fd2-413a-82cf-a90b80c6ba89
b2c683d3-c84b-48b4-a1a7-ea8d108c1fdd,DataFile_NMS_May24_DescriptiveFieldsOnly_Sample_V1_20240904.txt,test,brass,start=8820;end=8825,8820,8825,tagging,Material|consists of|brass,Material,consists of,brass,,,,2024-10-02T16:01:30.156Z|2024-10-02T16:01:33.002Z|2024-10-02T16:01:35.200Z,2024-10-02T16:01:29.917Z|2024-10-02T16:01:32.792Z|2024-10-02T16:01:35.011Z,Sarah Middle,Sarah Middle,FALSE,,c05ca9dd-4fd2-413a-82cf-a90b80c6ba89
e01cc7bd-affe-4364-aa48-b47f982058d6,DataFile_NMS_May24_DescriptiveFieldsOnly_Sample_V1_20240904.txt,test,brass bezel,start=8820;end=8831,8820,8831,tagging,Part|has part,Part,has part,,,,,2024-10-02T16:01:18.530Z|2024-10-02T16:01:21.672Z,2024-10-02T16:01:18.284Z|2024-10-02T16:01:21.485Z,Sarah Middle,Sarah Middle,FALSE,,c05ca9dd-4fd2-413a-82cf-a90b80c6ba89
50cebf52-99af-4a71-be7d-7994d7358e9a,DataFile_NMS_May24_DescriptiveFieldsOnly_Sample_V1_20240904.txt,test,bezel,start=8826;end=8831,8826,8831,tagging,Object Type|has type|bezel,Object Type,has type,bezel,,,,2024-10-02T16:01:41.879Z|2024-10-02T16:01:44.685Z|2024-10-02T16:01:48.217Z,2024-10-02T16:01:41.665Z|2024-10-02T16:01:44.483Z|2024-10-02T16:01:48.013Z,Sarah Middle,Sarah Middle,FALSE,,c05ca9dd-4fd2-413a-82cf-a90b80c6ba89
67983d5f-8344-40e1-bc71-0015bc9a35b2,DataFile_NMS_May24_DescriptiveFieldsOnly_Sample_V1_20240904.txt,test,Deep sea sounding machine,start=9112;end=9137,9112,9137,tagging,"Object Type|has type|sounding machine, deep sea",Object Type,has type,"sounding machine, deep sea",,,,2024-10-07T08:52:02.823Z|2024-10-07T08:52:05.470Z|2024-10-07T08:52:13.087Z,2024-10-07T08:52:02.360Z|2024-10-07T08:52:05.261Z|2024-10-07T08:52:12.648Z,Sarah Middle,Sarah Middle,FALSE,,e30e9113-3816-4761-a14a-48d0c246e4f0
ffe59459-775e-4440-b529-d9e44896be32,DataFile_NMS_May24_DescriptiveFieldsOnly_Sample_V1_20240904.txt,test,steel,start=9141;end=9146,9141,9146,tagging,Material|consists of|steel,Material,consists of,steel,,,,2024-10-07T08:52:25.257Z|2024-10-07T08:52:28.188Z|2024-10-07T08:52:31.415Z,2024-10-07T08:52:25.045Z|2024-10-07T08:52:27.898Z|2024-10-07T08:52:31.126Z,Sarah Middle,Sarah Middle,FALSE,,e30e9113-3816-4761-a14a-48d0c246e4f0
0126c385-e70a-46dc-a273-a9b467a86754,DataFile_NMS_May24_DescriptiveFieldsOnly_Sample_V1_20240904.txt,test,brass,start=9151;end=9156,9151,9156,tagging,Material|consists of|brass,Material,consists of,brass,,,,2024-10-07T08:52:40.823Z|2024-10-07T08:52:43.633Z|2024-10-07T08:52:46.648Z,2024-10-07T08:52:40.361Z|2024-10-07T08:52:43.251Z|2024-10-07T08:52:46.212Z,Sarah Middle,Sarah Middle,FALSE,,e30e9113-3816-4761-a14a-48d0c246e4f0
e10cdc9a-f7d3-4020-b4a3-9b088cc78ab3,DataFile_NMS_May24_DescriptiveFieldsOnly_Sample_V1_20240904.txt,test,by J. Le Blanc of Paris,start=9158;end=9181,9158,9181,tagging,Creation|created in,Creation,created in,,,,,2024-10-07T08:54:17.878Z|2024-10-07T08:54:20.582Z,2024-10-07T08:54:17.546Z|2024-10-07T08:54:20.213Z,Sarah Middle,Sarah Middle,FALSE,,e30e9113-3816-4761-a14a-48d0c246e4f0
9004352d-5b88-421c-b4d2-f8ddfca10153,DataFile_NMS_May24_DescriptiveFieldsOnly_Sample_V1_20240904.txt,test,J. Le Blanc,start=9161;end=9172,9161,9172,tagging,Person|created by|J. Le Blanc,Person,created by,J. Le Blanc,,,,2024-10-07T08:54:37.194Z|2024-10-07T08:54:40.376Z|2024-10-07T08:54:53.893Z,2024-10-07T08:54:36.861Z|2024-10-07T08:54:39.894Z|2024-10-07T08:54:53.486Z,Sarah Middle,Sarah Middle,FALSE,,e30e9113-3816-4761-a14a-48d0c246e4f0
5ad45f4f-b208-4c1e-833c-1a5c8a53d063,DataFile_NMS_May24_DescriptiveFieldsOnly_Sample_V1_20240904.txt,test,Paris,start=9176;end=9181,9176,9181,geotagging,"{""id"":""http://www.wikidata.org/entity/Q90"",""properties"":{""title"":""Paris"",""description"":""capital city of France""},""geometry"":{""type"":""Point"",""coordinates"":[2.352222222,48.856666666]}}|Place|took place at","{""id"":""http://www.wikidata.org/entity/Q90"",""properties"":{""title"":""Paris"",""description"":""capital city of France""},""geometry"":{""type"":""Point"",""coordinates"":[2.352222222,48.856666666]}}",Place,took place at,,,,2024-10-07T08:55:52.625Z|2024-10-07T08:56:05.500Z|2024-10-07T08:56:15.104Z,2024-10-07T08:55:52.211Z|2024-10-07T08:56:05.029Z|2024-10-07T08:56:14.566Z,Sarah Middle,Sarah Middle,FALSE,,e30e9113-3816-4761-a14a-48d0c246e4f0
